,Postal Code,City,State,Overall Niche Grade,Public Schools,Crime & Safety,Housing,Nightlife,Good for Families,Diversity,Jobs,Weather,Cost of Living,Health & Fitness,Outdoor Activities,Commute
0,29592,Sellers,SC,C+,C,C-,A,C,C+,A-,B-,A,A+,C-,C+,C-
1,17954,Minersville,PA,B-,C,B,B-,A,C+,C+,C,B-,B+,B-,B-,B+
2,32092,Saint Augustine,FL,A,A,C,A-,B+,A,B,A,A-,B-,A-,B,B-
3,32544,Hurlburt Field,FL,B-,A-,C+,C-,C+,B+,B,C,B-,C+,C+,B+,A
4,18333,Kresgeville,PA,B-,B,B,B,A-,B-,B+,C+,C+,B,B,B+,C-
5,94521,Concord,CA,B+,B,C+,C-,B,B+,A,C+,A-,C-,A+,A,A
6,18346,Pocono Summit,PA,B-,B-,B,C,B,B-,A,B-,B-,C+,B,B,C+
7,83321,Castleford,ID,B-,C+,B-,B-,B-,C+,A-,A,C,B+,B-,C+,B-
8,56110,Adrian,MN,B,B,B,A,A-,B,C+,A-,C,A,C+,B-,C+
9,50466,Riceville,IA,B,C+,A+,B+,B-,B+,C,B,B-,A,C+,C+,A-
10,77423,Brookshire,TX,B,B-,C+,B,B-,B-,A+,A-,B+,B+,B-,C+,A-
13,35111,Mc Calla,AL,B,B-,C-,B+,B,B-,B,B+,B,A-,B,C+,C+
15,57552,Midland,SD,B-,C+,A+,A-,C-,B,C+,B+,C-,A,C+,C-,C+
16,43437,Jerry City,OH,C+,B+,A-,B,C,B+,B,C+,B-,A-,C+,B+,C-
18,70056,Gretna,LA,B+,C,C+,C+,A,B,A+,B-,B-,B,B+,A-,A-
19,33930,Felda,FL,C-,C,C,C+,C,C+,B+,B-,A+,A,C,B,C-
20,54213,Forestville,WI,B,B+,A+,B+,B-,B+,C+,B,C+,A-,B-,B,B
21,29404,Charleston Afb,SC,C+,B-,C,D+,C+,C+,B+,B,A-,B-,B-,B-,B+
23,11569,Point Lookout,NY,B+,A,B+,C-,B+,A,C,B,B,C-,B-,A,B+
24,28352,Laurinburg,NC,B-,C+,C-,C+,B,C+,NG,C-,B+,A-,B,B,A-
25,53066,Oconomowoc,WI,A,A-,A-,B+,A-,A+,C+,B+,C+,B,A,A,A-
26,91011,La Canada Flintridge,CA,A+,A+,C,C,B,A+,A-,B+,A-,D+,A+,A,B
27,46738,Garrett,IN,B,B-,B+,B+,A-,B,C+,B,B,A,B-,B-,B-
28,67364,Tyro,KS,C,B-,C+,B,C-,C+,NG,C-,B+,A,C,C-,C-
29,80821,Hugo,CO,B-,B-,A-,B,B-,C+,B-,B+,C-,B,B-,C-,B+
31,76687,Thornton,TX,C+,B-,C,B-,C,C,B-,B+,A,A-,C,C+,B
34,08348,Port Elizabeth,NJ,C-,A,C,C-,C+,C-,C-,C,B,C+,C,B,C-
35,54832,Drummond,WI,C+,B-,B,C,B-,C+,C,C+,C-,B,B-,B-,C+
37,64650,Kingston,MO,B-,B,B+,A-,C,B,B-,B-,B,A,C-,C+,B
38,44659,Mount Eaton,OH,B-,B,B-,B,B,B,C,B-,C+,A,B,B-,C+
40,57020,Crooks,SD,C+,C+,C+,B+,B-,B-,C,A-,C,B+,B-,B-,C+
41,01005,Barre,MA,B-,B-,B-,B-,C+,B,C+,B,C+,B-,B,A,C+
42,33813,Lakeland,FL,A,B,C+,B+,A-,A-,B+,A-,A,B,A-,A-,B-
43,14612,Rochester,NY,B+,B-,C,B-,A-,B,B,B+,C-,B-,A-,A-,A-
44,78237,San Antonio,TX,C+,C-,C,C,A-,C-,C,B-,A-,A-,A-,C+,A-
45,85301,Glendale,AZ,B,C+,C+,C,A,B-,A-,C,A,B,A,B+,A
46,81647,New Castle,CO,B-,C+,B-,C,B+,C+,A-,C+,C+,C-,A,C+,B+
47,42060,Lovelaceville,KY,D-,B-,A,C,C-,D+,D-,D,B-,A-,C,C+,D-
48,76054,Hurst,TX,A+,A+,C+,A-,A-,A,B+,A,A-,B,A,B-,A-
49,76487,Poolville,TX,C,B,B,B-,C-,C+,B-,A-,B+,B+,C,C-,C+
50,21555,Oldtown,MD,C,B-,C+,B+,C-,C+,C+,C+,B,A,C+,B-,C-
51,65804,Springfield,MO,A,B,C-,B,A,B+,B-,A-,B,A-,A,A-,A-
52,58032,Forman,ND,B-,C,NG,B+,B-,B-,B-,A+,C-,A,C+,C,B
54,71759,Norphlet,AR,C+,B,C-,B+,C-,B-,B-,B+,A-,A,C-,C,C-
55,68882,Wolbach,NE,B-,B-,NG,B,B-,C+,C+,B,NG,A,C-,C,B
57,71853,Ogden,AR,C+,B-,B,A,C-,B-,A-,B,A-,A,C,C+,C-
58,85348,Salome,AZ,C+,C+,B-,B+,C+,C+,B+,A-,C-,A-,C+,C,B
59,76633,China Spring,TX,B,A,C+,A-,C,B+,B-,B+,B+,B+,B,C+,C+
60,40828,Evarts,KY,C+,C+,B+,B+,B,C+,C,C-,A-,A,C-,C+,B
61,57049,North Sioux City,SD,A-,B+,B+,B+,A-,A-,B,A,C+,B+,B+,C+,B
63,96770,Maunaloa,HI,C-,C-,NG,D-,C-,C,NG,C-,A+,C,B,B,C+
64,23401,Keller,VA,D+,B-,B-,D-,C,C,B,D-,B+,B,C,B-,C+
65,04428,Eddington,ME,C+,B,B+,B,C,B-,C,B,C+,B,C+,B,B
66,27295,Lexington,NC,B,B-,C+,B,B+,B-,B,B,B+,A-,B,B-,B
67,45032,Harveysburg,OH,C+,B-,A-,B+,C,B-,C,B+,B-,A-,B-,B-,C+
68,07739,Little Silver,NJ,A,A+,B,B-,B-,A+,C,A-,B,C-,A+,A,A
69,77651,Port Neches,TX,B+,A-,C-,B+,B,B+,B+,B,A,B+,B-,B+,A-
70,21829,Girdletree,MD,B-,A-,C+,B+,B-,B,C+,C+,A-,A-,C+,B-,C+
72,13664,Morristown,NY,C+,C,B,B-,B,C,C,C+,C,B,B,C+,B+
74,24360,Max Meadows,VA,B-,C+,B,B+,B-,B-,B-,B-,A-,A,B-,B-,C+
77,76872,Rochelle,TX,B-,C+,A,A-,C-,B-,B-,A,B+,A-,C+,C-,C+
78,74632,Braman,OK,B,B,B-,A,B-,B-,B-,B+,B+,A,C+,C-,C+
80,63953,Naylor,MO,B-,B,C-,A-,C,B-,NG,C+,B+,A,C+,C+,B
82,77062,Houston,TX,A+,A+,C-,A-,A-,A+,A,A,B+,B,A-,A-,A-
83,49060,Hickory Corners,MI,B+,A-,A-,B,C+,A,C+,B+,C-,B+,C+,B+,C+
86,68406,Milligan,NE,B-,C+,NG,B+,B-,C+,C,A,B-,A,C,C,C+
87,49079,Paw Paw,MI,B+,B-,B,B+,A-,B+,B-,B,C-,A-,B-,B-,A-
89,27009,Belews Creek,NC,B-,C+,C,A-,C,B-,B-,B-,B+,B+,B,B-,C+
90,34601,Brooksville,FL,B+,B-,C,B-,A-,B-,B,B-,A,A-,B+,B+,A-
92,93066,Somis,CA,B-,C+,B-,D-,B-,C,A,C+,A+,C-,A,B+,B
93,94710,Berkeley,CA,A+,A+,C,C,A,A,A+,C+,A+,D+,A+,A+,A
94,56475,Randall,MN,B-,B-,A-,A-,B-,B+,C+,B,C-,A,C+,B-,B
95,28529,Grantsboro,NC,B-,B-,NG,B+,C,B,B+,A-,A-,A-,C+,B-,C+
96,98682,Vancouver,WA,B+,B,B-,B-,A-,B+,A-,B,B,C+,A,A,A-
97,80923,Colorado Springs,CO,A,B-,C+,B,A-,A-,B+,B+,B-,C+,A,A-,B+
98,38857,Mooreville,MS,C+,B-,NG,B+,C,B,B-,B+,B,A-,C,C+,C-
99,98272,Monroe,WA,B,B-,B-,C+,A-,B-,B+,B,C+,C+,A,B,A-
101,68416,Ohiowa,NE,B-,B,NG,A-,C-,B+,A-,B,B-,A+,C,C,C+
102,50672,Steamboat Rock,IA,B-,B,A-,A-,C-,B-,C,B+,B,A,C+,C,B+
103,65629,Chadwick,MO,C,C+,B+,B-,C-,C+,C,B+,B,A-,C+,B-,C-
104,15676,Pleasant Unity,PA,B,A-,B,B-,A-,B,C-,C+,C-,B,C+,B-,C-
106,14169,Wales Center,NY,C-,A-,C,C-,C+,C+,C-,C,C-,B-,B-,B+,C-
108,36104,Montgomery,AL,C+,D+,C-,D+,A,C-,B-,C-,B,B+,B,B+,B+
109,25621,Gilbert,WV,C+,C,B,B,B-,B-,C-,C-,B+,A,C-,B+,C+
110,60644,Chicago,IL,C,C+,C-,D-,A-,C,C+,D-,B-,C+,B+,A-,A
111,45167,Ripley,OH,B-,C+,B,B,B+,C+,C+,B-,C+,A,C,C+,B
112,85630,Saint David,AZ,B-,B+,B-,B+,C-,B,B-,C,B,B+,B-,C+,C-
114,65484,Huggins,MO,B,C+,B,A,C,C+,C-,A-,B,A+,C,C+,D-
115,39630,Bude,MS,C+,C+,NG,C-,B-,B-,B,C-,B,B+,C-,C,B+
117,67137,Severy,KS,B-,A-,NG,A,C,B,B-,B+,B+,A+,C+,C+,C-
118,41547,Majestic,KY,C+,C+,B-,B+,C,C+,C-,C+,A-,A+,C-,C+,C-
119,54826,Comstock,WI,C+,B-,A-,B,B-,B-,B-,B,C,B+,C+,B,C+
121,39755,Pheba,MS,B-,B+,C+,B,C-,B-,A-,B-,A,A,C-,C+,C+
122,12503,Ancramdale,NY,B-,B-,A-,C+,C+,B,B-,B-,C+,C+,B-,B,B+
123,31532,Denton,GA,C+,B-,B,B-,B-,B-,B-,B-,A,A,C,C+,C+
124,82401,Worland,WY,B+,B,A,B,A-,B+,B+,C+,D,B,A,C+,A-
125,07063,Plainfield,NJ,C,C-,C+,D+,B,C,NG,C,B-,C,B-,A-,A-
126,33709,Saint Petersburg,FL,B+,C+,C,B,A-,B,A-,B,A,B+,A-,A-,A
128,50122,Hubbard,IA,B,B,A-,A,C,A-,C+,B+,B-,A,B-,C+,B
130,32934,Melbourne,FL,A-,A,C,B+,A-,A-,B+,B,A+,B,B,B+,B+
131,58053,Lidgerwood,ND,B,B+,A-,B+,B-,B,B-,A-,C-,A,C+,C,B
133,01225,Cheshire,MA,C,C,B-,C,C+,C+,C,C+,C,B,B,A,C+
134,02908,Providence,RI,B+,C-,B-,C-,A,B,A+,C,B-,C+,B+,A,A
135,75433,Cumby,TX,B-,B,B-,A-,B-,B,B-,B,B+,A-,C+,B-,C-
136,02114,Boston,MA,A,C+,C,C-,A+,B,A-,B,B-,C-,A+,A,A
137,91016,Monrovia,CA,A-,B+,C,C-,A,B+,A+,C,A,C-,A+,A,A
138,49683,Thompsonville,MI,B,C+,A,B,A-,B-,B-,B+,C+,A-,B-,B-,B
139,53027,Hartford,WI,A-,A-,A-,B,A-,A,C+,A-,C+,B+,B+,A,A-
140,70455,Robert,LA,C-,B-,C-,C+,B,C-,B-,C,B+,B+,C,C+,C-
142,02109,Boston,MA,A,C+,C,D+,A+,B,B-,B,B-,C-,A+,A,A
143,12577,Salisbury Mills,NY,B-,B+,B-,C,B-,B+,B-,B-,B-,C,B-,A,B+
144,62248,Hecker,IL,B-,B+,A,A-,C,A-,C+,B,B,A-,C,B+,C+
145,46075,Whitestown,IN,A-,A-,B+,A-,B,A,B-,A,B-,B,B,B-,C-
146,74145,Tulsa,OK,A-,B,C-,B,A,B,NG,B+,B+,B+,A-,B+,A-
148,25984,Rupert,WV,C+,C+,A,B+,C,B,B-,C+,A-,A,C,B,C-
149,60030,Grayslake,IL,A+,A,B,B+,A-,A+,B+,A-,C+,B-,A,A,A-
150,49446,New Era,MI,B,B-,B,A-,B-,B+,B,B+,C-,A,C+,B,B
154,31044,Jeffersonville,GA,B,C-,A+,B+,B-,B-,A-,B+,A-,A,C,C+,B-
157,19141,Philadelphia,PA,C+,D+,C-,C-,A,C,B,C-,B-,B-,B,A-,B+
158,15622,Champion,PA,C-,C+,B-,B,C-,C-,C,B,C-,B+,C-,C+,C+
159,35748,Gurley,AL,A-,A-,C,A-,B-,A-,B-,A-,B+,A,B,B+,B
160,56048,Janesville,MN,B+,B,A,A-,B-,A-,C+,B,C+,A-,C+,B-,A-
161,18844,Springville,PA,C,C+,B+,B-,C,B-,C+,B+,C-,B,C+,B-,C+
163,44052,Lorain,OH,B,C-,B,C+,A-,B,A,C-,C+,A-,B,A-,A-
165,37404,Chattanooga,TN,B,C,C-,C-,A-,B-,A,C-,B,B,B+,A,A
166,20677,Port Tobacco,MD,B,B,B-,B-,B+,B-,B+,B-,B,B-,B,B-,C+
168,92086,Warner Springs,CA,C+,C,B-,C+,C,C-,A-,B-,A-,B-,B+,B,C+
170,68524,Lincoln,NE,A-,A-,B-,B+,A-,A,B+,B+,B-,A-,B-,A-,A-
171,63785,Whitewater,MO,C,B+,C+,B+,C-,C+,C,B+,B-,A,C,C+,C-
175,76596,Gatesville,TX,D-,B+,B-,NG,C+,D-,NG,NG,A,NG,C+,C-,NG
176,69152,Mullen,NE,B+,B,B,A-,B-,B-,C+,A,NG,A,B-,C-,A
177,02125,Dorchester,MA,B,C+,C,D+,A,B-,NG,C-,B-,C-,A-,A,A
179,26836,Moorefield,WV,B,C+,A-,B,B,B,B,B,B-,A-,C,B-,A
181,15865,Sykesville,PA,C+,B,A-,B+,B,B,C,B,C-,A-,C,C+,C+
182,46144,Gwynneville,IN,C+,C+,B-,B+,C-,C-,NG,A,B-,A,C,C+,C-
183,92870,Placentia,CA,A,A,B-,C-,A-,A-,A+,C+,A,D+,A+,A,A
184,22733,Rapidan,VA,C+,B-,B-,B-,C,C+,A-,B-,B+,B-,C+,B-,C-
185,68648,Morse Bluff,NE,B-,A,A-,B,C+,B+,C,A-,B-,B+,C+,C,C+
186,03110,Bedford,NH,A,A+,B-,B+,B-,A+,C+,A-,C+,C,A,A,B+
188,44146,Bedford,OH,B+,C+,C-,C+,A-,B-,A,B-,C,B+,A-,A-,A-
191,44804,Arcadia,OH,B+,B+,B,A-,B-,A-,C+,A-,B-,A,B-,B+,C+
192,92105,San Diego,CA,B,B-,B-,D-,A,B-,A,C-,A,C-,A,A-,A
193,39428,Collins,MS,B-,C-,NG,B,B,B-,A-,B-,B,A,C,C,C+
194,99739,Elim,AK,C-,C,B,B-,C,C-,NG,C-,NG,B+,C+,D-,B+
195,81652,Silt,CO,C+,C+,B-,C,B-,C,A-,C,C+,C,A,C+,B
198,49126,Sodus,MI,C,D+,C+,B,C-,C,B,C+,C+,A-,C,B-,C+
199,53525,Clinton,WI,B-,B-,B-,B-,A-,B-,B,B+,C+,B+,B-,B,C+
200,49249,Jerome,MI,B-,C+,A,B+,B-,B,C+,C+,C+,A-,C+,B+,C-
201,53220,Milwaukee,WI,B+,B-,C-,C+,A,B-,A-,B-,C+,B,A-,A,A-
204,84649,Oak City,UT,C+,C+,NG,B+,C,B-,C+,B+,C-,B,B,C,C-
205,76665,Meridian,TX,B,B+,A-,B+,B-,B+,B+,C+,B+,A-,C+,C+,B
206,53035,Iron Ridge,WI,C+,B,A-,B,B-,B,C+,C+,C+,B,C+,B,C+
207,64788,Urich,MO,C,B-,C+,B,B-,C,C+,B-,B,A,C,C-,C-
208,44077,Painesville,OH,A-,B,B,B,A-,B+,B+,B,C+,B+,A-,B-,A-
209,27019,Germanton,NC,C+,B-,B-,B+,C,B-,C+,B+,B,A,C,B-,C-
210,99602,Holy Cross,AK,D+,C,NG,B-,C,D+,NG,D-,NG,B+,B-,D-,B-
211,95668,Pleasant Grove,CA,C+,B+,C+,C,B,C,B+,C,A,C-,B-,B-,C+
212,77705,Beaumont,TX,B+,B+,C-,B+,A-,B,A,C+,B+,A-,B-,B-,A-
213,64840,Diamond,MO,B-,B-,B-,B+,B-,B,C+,B+,B+,A,C+,B,B
215,72016,Bigelow,AR,C+,C,B-,A-,C,C,B-,B,B,A,C,C+,C+
217,56071,New Prague,MN,A,A-,A-,A-,A-,A,C+,A-,C,B+,A-,A-,A-
219,30326,Atlanta,GA,A+,B,C-,B,A+,A-,A,A,B+,C+,A+,A-,A
220,23708,Portsmouth,VA,C-,C-,NG,NG,B,D-,A-,NG,A-,NG,C,A-,B-
222,68104,Omaha,NE,B+,B-,C,C+,A-,B+,A,C+,B-,B+,B+,A-,A-
223,92274,Thermal,CA,C-,D,C+,C+,C+,C-,C+,C,B-,B,B,B-,B
224,17212,Big Cove Tannery,PA,C,B-,NG,B+,C-,B-,C,B-,B,B+,C,B-,C-
226,62656,Lincoln,IL,A-,B-,B,B+,A,B,A-,B-,B,A-,B+,C+,A
229,53016,Clyman,WI,C+,B-,A-,C+,B,C+,NG,B+,C+,B+,C+,B-,B
230,76114,Fort Worth,TX,B,C+,C+,B-,A-,B-,A,B,A-,B+,B+,C+,A-
231,04654,Machias,ME,B,B-,B,B-,A-,B-,C+,C,C,B,B,B-,A-
232,83277,Springfield,ID,C-,C,B-,B,C-,C,C-,A-,C,B+,C+,B-,C-
234,46807,Fort Wayne,IN,A-,C,C,B+,A,B,A,B-,B,A,B,C+,A
236,24165,Spencer,VA,C,B,NG,C+,C-,C+,A-,C-,B+,A-,C,B-,C-
237,56159,Mountain Lake,MN,B+,B+,A,A-,B-,A,B,B,C,A,C,B+,B+
239,07921,Bedminster,NJ,A,A,A-,B,B,A,B,A-,B-,C,A,B,B
240,32164,Palm Coast,FL,B+,B,C+,B-,B-,B,A-,B,A,B,A-,A-,A-
241,71078,Stonewall,LA,B-,A-,C-,A-,C,B,B,B+,B+,A-,C+,C+,B-
242,79842,Marathon,TX,A-,B+,A-,A,C+,B+,A,B-,B-,A,B-,C-,B-
244,31705,Albany,GA,C+,C-,C-,C-,A-,C-,B+,C-,A,B+,B-,C+,B+
246,57764,Oglala,SD,C-,D-,NG,B,C,C,NG,C-,C-,A+,C-,C,C+
248,16667,Osterburg,PA,C+,C,B+,B+,B-,C+,C+,B-,A-,A-,C,B-,C+
249,52222,Deep River,IA,C+,B-,B,B+,C,C,C,B+,B,A,C+,C-,B
250,72112,Newport,AR,B,B-,C,B,A-,C+,B+,B,A-,A,C+,C+,B
251,55026,Frontenac,MN,B,B+,B+,B+,A-,B+,C+,B+,C+,B,C+,A,C-
253,05776,West Rupert,VT,C,B-,B-,C+,C-,C,C,C+,C-,C+,B,B,B+
255,66541,Summerfield,KS,C+,B,A-,B-,C-,B,C+,A-,B-,A+,C+,C+,C+
256,39046,Canton,MS,B+,B+,B,B,B-,B+,A-,B+,B,B+,B,C+,B
257,88030,Deming,NM,C+,C-,C+,C+,B+,C,A-,C-,C+,B+,B+,C+,B
258,08002,Cherry Hill,NJ,A,B+,B-,C+,A,A,A,B-,B-,C,A-,A-,A-
259,27965,Poplar Branch,NC,C-,B-,NG,C-,B-,C-,C,B-,B+,B-,B-,B,C-
260,14005,Alexander,NY,C+,B,B-,B-,C,B-,C,B,C-,B,C+,A-,A-
261,37322,Decatur,TN,C+,B,C+,B+,B-,B-,C+,C,B-,A-,C+,B-,B
262,33168,Miami,FL,B,C+,C,C+,A,B-,A-,C,A+,B-,B+,A-,A-
263,16037,Harmony,PA,B,A-,A-,A-,B-,B+,C,B+,C,B,B,B-,B
265,60084,Wauconda,IL,A,A-,B,B,A-,A,A-,B,C+,B-,A-,A-,A-
266,59270,Sidney,MT,B-,B-,B+,B+,A-,C+,B-,A+,C-,B,B,C-,B
267,18829,Le Raysville,PA,C,C+,B+,B-,C-,C+,C+,C+,C+,B,C+,B-,C+
268,35980,Horton,AL,B-,B-,C+,B,B-,B-,B,C+,B,A,C+,C+,B
269,29510,Andrews,SC,C+,C-,C+,B-,B-,C,A-,B-,B+,A,C,B-,B
271,97213,Portland,OR,A,A-,C,C+,A,A-,B+,B-,B,C,A+,A,A
273,38921,Charleston,MS,B-,D+,NG,B-,B-,C+,A-,B+,A,A,C,B-,B
274,18628,Lopez,PA,C,C+,NG,B,C-,C+,C,B,C+,B+,C,B-,C-
276,33471,Moore Haven,FL,B,C+,NG,B,B,B-,A,C+,A+,A-,C,B,A-
277,18086,Treichlers,PA,B-,A-,B,B,C,B,C,C+,C+,B-,C+,B-,C-
278,57381,Wessington,SD,B-,C+,A+,B+,B,B,B-,B+,C+,A,C+,D-,C+
279,29148,Summerton,SC,C+,C,C,C+,B-,C,A-,C,B+,A-,C,B-,B
280,85087,New River,AZ,B-,A-,C+,C+,B+,C+,B+,B,A,C,B+,C+,C+
281,31553,Nahunta,GA,B,C+,A+,B,B+,B,C+,B-,B+,A,B-,B-,B
282,90017,Los Angeles,CA,B+,C,C,D+,A+,C+,A-,C+,A+,C-,A+,A,A
283,59444,Galata,MT,C-,B-,NG,C+,C,C-,C,B,C-,B+,C+,D+,B-
285,99610,Kasilof,AK,C+,B-,C+,B,C,C,NG,B-,NG,C+,C+,C,B
286,84652,Redmond,UT,C+,C+,B+,B+,B,C+,B-,B,C-,B,B-,C+,C+
287,97473,Scottsburg,OR,C-,D,B-,C-,C,D+,C+,B-,A,C+,B-,B,C-
288,91381,Stevenson Ranch,CA,A,A+,C,C-,B-,A,A,B-,A-,D+,A,A-,A-
289,19607,Reading,PA,B+,C+,B-,C+,A-,B,B,B,B-,B-,A-,A,A-
295,11559,Lawrence,NY,A,A-,B+,C-,B,A,B,B+,B,C-,A,A,B+
296,12173,Stuyvesant,NY,B-,B,A-,B-,B-,B-,C+,B+,C+,B-,B-,B,C+
300,45159,New Vienna,OH,C,B-,B,B,B-,B-,C+,C-,B-,A-,C-,C+,C
302,10003,New York,NY,A+,B,NG,C-,A+,A,A-,B,B,C-,A+,A,A
303,15226,Pittsburgh,PA,A-,B-,C+,B+,A,B,B,B,C,B+,B+,B+,A
304,59754,Twin Bridges,MT,B+,C,A+,B,A-,B+,B,A,C-,B,B-,B-,B-
305,47361,Mount Summit,IN,C+,C+,NG,B,B-,C+,C-,C+,B-,A,C,C,C+
306,27505,Broadway,NC,B-,C,C,B,B,C+,A-,C+,B,A-,C,C+,B-
310,12168,Stephentown,NY,C,C+,C+,B-,C-,C,C,C+,C,B,B-,B,C+
311,49915,Caspian,MI,C+,B-,B-,B,B-,C+,C-,C+,C-,A,B+,B+,C+
312,50065,Davis City,IA,B,C+,A,B+,B-,B,C+,B-,B,A,C+,C+,B
314,12180,Troy,NY,B+,B-,C+,C+,A,B-,A-,B-,C,B-,A,B,A
315,71416,Cloutierville,LA,C,B-,C-,C+,B,C-,NG,B,NG,A,C-,C,C-
316,55939,Harmony,MN,B+,B-,A+,B+,B+,B,C+,B-,B-,A-,B,C-,A
317,95632,Galt,CA,B,B,C,C+,B,B-,A,C+,A,C,A-,B,A-
319,06755,Gaylordsville,CT,B-,B+,B+,C+,B-,B,B,C+,C+,C,B,B,C-
320,36064,Pike Road,AL,B+,C,C-,A-,B-,B,A-,A-,B,B,B-,C+,C+
321,64138,Kansas City,MO,B+,C,C-,B-,A-,B-,A,B+,B,A-,B+,B+,B+
323,73742,Hennessey,OK,B+,B,A-,A,B-,B+,A,A-,A-,A,B-,C-,C+
324,06902,Stamford,CT,A-,B,B-,D,A,B+,A+,C-,C+,C-,A,A,A
325,27325,Robbins,NC,B-,B,B-,B,B-,B-,B+,B,B+,A-,B,C+,C+
326,74369,Welch,OK,B-,B,A,A-,B-,B,NG,B,B+,A,C,C+,C+
327,30121,Cartersville,GA,B,B-,B-,B,B,B,B+,B,B+,B+,B-,B-,B
328,08352,Rosenhayn,NJ,C,C+,C,B-,B+,C,B+,C,B,B,C,B+,C-
330,44010,Austinburg,OH,B-,B,C+,C+,B+,B-,C,C-,C-,A-,C+,B-,B
332,76798,Waco,TX,C,C+,C+,NG,C,D+,B,NG,A,NG,C+,B,B-
333,95607,Capay,CA,C,C,B-,C-,B,D+,B+,C-,A+,C+,B+,B,C-
334,38343,Humboldt,TN,B+,B+,C+,B+,B+,B+,A-,B-,B+,A-,B-,B,B+
335,07719,Belmar,NJ,A-,A-,B,C,A-,A-,B-,B-,B+,C-,A,A-,A
336,75080,Richardson,TX,A+,A+,C,A-,A,A+,A,A-,A-,B,A,B-,A
337,26739,Mount Storm,WV,C,C-,NG,B+,C+,C,C,B+,NG,A,C-,B-,C+
338,03576,Colebrook,NH,C+,C,B,C+,B-,B-,C+,C+,C-,B,B,A-,B-
339,07734,Keansburg,NJ,B-,C,B,D+,A-,C+,A-,C-,B,C,A-,A,B+
340,38388,Wildersville,TN,B-,A-,B-,A-,B-,B,B+,B,B-,A,C-,C,C+
341,62359,Paloma,IL,C,C+,B-,B,B-,C+,B-,C,B+,A,C+,C-,C-
343,15314,Bentleyville,PA,B-,B-,B,B+,B-,B,C+,B+,C+,A-,B-,B-,C+
344,62561,Riverton,IL,B-,B,C,B,B+,C+,C+,B-,B,A-,B-,C-,B
345,08033,Haddonfield,NJ,A+,A+,B-,B,A-,A+,B-,B+,B-,C,A-,A,A-
347,65790,Pottersville,MO,C-,B-,C+,C,C,C,C,C,B+,B,C,C+,C+
348,78717,Austin,TX,A+,A+,B+,A,A,A+,A,A+,A-,B-,A-,A-,A-
349,15731,Coral,PA,B-,B-,B,A-,B-,B-,C-,B,C-,A-,C,C+,C-
352,27607,Raleigh,NC,A+,A-,B+,B,A,A,A-,A-,B+,B-,A,B+,A
353,19317,Chadds Ford,PA,A,A+,B,B+,B-,A+,B-,A-,B,C,A,B,B
354,12758,Livingston Manor,NY,C+,C+,B-,C+,C+,C+,B,B-,C,B-,B-,B,B
355,46222,Indianapolis,IN,B-,C-,C-,C,A,C+,A,C-,B-,A-,B-,B+,A-
358,13687,South Colton,NY,C,C+,B,C+,B+,C,C+,C-,C-,B,C+,B,C+
359,49441,Muskegon,MI,B+,B-,C,B,A,B+,B+,B-,C-,A-,B+,A-,A-
360,29429,Awendaw,SC,B+,A,C,B,B-,B+,A,B+,A-,B,B-,B-,B
362,30564,Murrayville,GA,B,B,C,B-,B-,B-,B-,B+,B,B+,B,B-,B
364,87421,Waterflow,NM,C,C-,C+,B+,C,C-,NG,B-,C-,B+,B-,B-,B
365,54942,Greenville,WI,A-,A-,B,A-,A-,A+,C-,A-,C,B+,B-,A-,B
366,08732,Island Heights,NJ,B,C+,B+,C-,C,B-,B-,B,B,C-,B,B+,A-
367,55069,Rush City,MN,B,B,A-,B,A-,A-,B,B,C,B+,B-,A-,B
368,12418,Cornwallville,NY,B-,C+,A+,A,C,B+,B-,B,C,B+,C+,B,C+
369,20783,Hyattsville,MD,B,C-,C+,C-,A,C+,A,C+,B,C+,A-,A-,A
370,04357,Richmond,ME,B-,B-,A,B-,B-,B,C+,B,C,B,B+,B,B
371,85226,Chandler,AZ,A,A,C+,B+,A,A-,A,A-,A,B-,A,C+,A-
372,51542,Honey Creek,IA,C+,B-,C+,B+,C,B-,C,A-,B-,A-,C-,B-,C+
374,41514,Belfry,KY,C+,C+,B-,B-,B-,C+,C+,C-,A-,A-,C,C+,B
375,71303,Alexandria,LA,B+,B,C-,B,A-,B-,A,B-,B+,B+,B,C+,A-
376,90210,Beverly Hills,CA,A-,B-,C,D+,B,B,B,B+,A+,D+,A+,A,B
377,87539,La Madera,NM,C,C-,NG,D,C-,D-,C-,D+,C-,C,B,B-,B-
378,31716,Baconton,GA,C+,C+,C+,B-,B-,C,A-,C-,A,A-,C+,C+,B
380,26161,Petroleum,WV,C-,C+,A+,B,C-,C+,D+,C+,NG,A,C,C+,D-
381,33901,Fort Myers,FL,A,B+,C+,C+,A,B+,A,B,A+,B,A,A,A
383,59928,Polebridge,MT,C,B-,B,C-,C+,D,C+,B+,C-,C,B,B,B-
386,32951,Melbourne Beach,FL,A-,A+,C,B-,B+,B+,B-,B-,A+,C+,B+,B-,A-
387,41660,Teaberry,KY,C-,B,B+,A-,C-,B,C-,C+,B,A,C-,C+,D-
389,16240,Mayport,PA,C+,C+,A-,B+,A-,C+,C,B+,C,A-,C,C+,C+
390,38135,Memphis,TN,B+,B,C-,B,B,B+,A,B+,B+,B,B,B+,B-
391,12733,Fallsburg,NY,C-,C,B-,D+,C,C,B+,B-,C,C+,B,B,B-
392,87049,San Fidel,NM,C,C-,B-,B+,C+,C,NG,C-,C,A-,C+,C,B
393,78949,Muldoon,TX,B,B+,B-,A,C-,B+,B-,A,A-,A,C+,C+,C+
394,68875,Scotia,NE,C+,C+,NG,A-,B-,B-,C,B,NG,A,C-,C,C+
395,54101,Abrams,WI,C+,B+,B+,B,B-,B-,C+,B+,C,B+,C+,B-,C+
397,58581,Zeeland,ND,B-,C+,A+,A-,B+,B-,C,A-,NG,A-,C,D-,B-
398,95350,Modesto,CA,B,B-,C,C,A-,B-,A,C-,B,C+,A,A,A
399,44137,Maple Heights,OH,B-,C-,C-,C,A-,C+,A-,C,C,B+,B+,A-,A
401,73645,Erick,OK,B-,B+,B,A-,C-,B,B-,A,B,A,C,D,C+
402,06791,Harwinton,CT,B,A-,B+,B,B-,B+,C,B,C,C+,B+,B,B
404,97488,Vida,OR,C,C,C+,C-,B-,C-,B-,C-,B+,C-,B,A-,B
406,15934,Elton,PA,B-,C+,B-,A-,B,B-,D,B,D+,A-,C+,C+,B-
407,04493,West Enfield,ME,C+,C,B+,B,B-,C,C+,B-,C-,B+,B-,B-,B
408,55037,Hinckley,MN,B-,C+,NG,B-,B-,B-,NG,B,C,A-,B-,B-,A-
409,37680,Laurel Bloomery,TN,C-,C,A,C+,C-,C+,C+,C+,NG,A,C,B-,C-
410,31641,Naylor,GA,B-,B+,C+,B+,B-,B-,A-,C,A,A-,C+,C+,C-
411,18435,Lackawaxen,PA,C+,B+,A-,C+,C-,B,B,B+,B-,B-,B-,B,C-
412,78022,George West,TX,B,B+,B,A-,B-,B,A,A+,B+,A,C+,D+,C+
413,19355,Malvern,PA,A+,A+,B,B+,A-,A+,B,A-,B-,C,A,A,B+
415,62378,Versailles,IL,C,C,NG,B-,C-,C-,C+,A-,B,A,C,C-,B
417,68157,Omaha,NE,A-,B+,B+,A-,B,A,A-,A,B-,A-,B-,A,B-
418,19966,Millsboro,DE,B,B,B-,B-,B+,B-,A-,B-,B,B+,B,B-,A-
419,24239,Davenport,VA,C-,C-,A+,B,C-,C,D,C+,NG,A,B-,C+,C-
420,48371,Oxford,MI,A-,B+,B,B+,A-,A-,C+,B+,C+,B+,A-,A-,B-
421,03307,Loudon,NH,C,C+,B+,C+,B-,C,C+,B-,C,C+,B-,B,C+
422,25670,Delbarton,WV,C+,C,B,B+,B-,C+,C,C-,A-,A,C-,C+,B
423,05826,Craftsbury,VT,B,B-,A,B,C,B+,B-,B,D+,B-,C+,A-,B
424,13774,Fishs Eddy,NY,C-,C-,B+,C,C,C,C-,C+,C,B+,B-,A-,C-
425,52554,Eldon,IA,C,C,C+,B,B,C-,C+,B-,B+,A,C,C-,C+
426,13780,Guilford,NY,C+,C+,B+,B+,B-,C+,B-,B,C-,B+,C+,B-,C+
427,10550,Mount Vernon,NY,C+,C-,B,D-,A,C,A-,D-,B-,C-,A,A,A
429,26519,Albright,WV,C,D+,A+,B,C,C+,C,B,C-,A,C-,B-,C+
430,40953,Hinkle,KY,C-,C,C+,B-,C+,C,C-,C+,B-,A,C-,C+,C-
432,51579,Woodbine,IA,B,B-,B+,A-,B+,B+,C+,A-,B-,A,C+,B-,B-
434,16142,New Wilmington,PA,B,B+,B-,B,B,B,C+,B+,C,B,B-,B+,A-
437,54150,Neopit,WI,C+,D+,NG,B-,B,C+,NG,B,C,A,C-,C+,B+
438,68974,Ruskin,NE,B-,B-,A,A,B-,B-,C+,B+,C+,A+,C,C,C+
439,99338,Kennewick,WA,A-,B,B,A-,B-,A-,B,A,B-,B-,A-,B-,A-
440,86025,Holbrook,AZ,B,B,B-,B+,A-,B,NG,B+,C,A-,C+,B-,A-
441,54736,Durand,WI,B,B+,A,B+,A-,A-,C+,B+,C+,A-,C,B-,B
442,81030,Cheraw,CO,C,C+,B,C+,B-,C,B-,D,C-,A-,B-,C,C+
443,08533,New Egypt,NJ,B-,B,B+,C+,B-,B-,B-,A-,B,C,B,B,A-
444,63501,Kirksville,MO,A,B+,B-,B+,A,B+,B-,B-,B+,A-,B+,C+,A
445,39111,Magee,MS,B-,C,A,B-,B,B-,A-,C+,B,A-,C+,C,B
447,42320,Beaver Dam,KY,B-,C+,A-,B+,B,B-,C+,A-,B,A,C,C+,B
448,42259,Mammoth Cave,KY,B,B,A,A,B,B,B,B,B+,A,C,C+,B-
452,04330,Augusta,ME,B,C+,B-,B-,A-,B-,B-,B,C,B,A-,B,B
456,57051,Oldham,SD,B-,C+,NG,B,B-,B-,B-,A+,C+,A+,C,C+,B-
458,98418,Tacoma,WA,B,B-,C,C,A-,B,A+,C+,B,C+,B+,A,A-
459,32962,Vero Beach,FL,A-,B+,B-,B+,B-,A-,A,B-,A+,A-,A,A-,B+
460,52255,Lowden,IA,B,C+,A,B+,A-,B,B-,B+,B,A,C+,B-,B
461,08406,Ventnor City,NJ,B-,B-,C+,D-,B,C+,A,C-,B,C-,B+,B+,A
462,80922,Colorado Springs,CO,A-,B-,C+,B,A,B+,B+,B+,B-,C+,A,A-,A-
464,81242,Poncha Springs,CO,B-,B+,B+,C,B,B-,B+,B-,C+,C+,B+,C+,C+
465,83328,Filer,ID,C,C,B-,B-,C,C,B-,A-,C,B-,B,C,B
466,04658,Milbridge,ME,C+,C,B,C+,B-,C+,B-,C,C,B,B-,B-,C+
467,71030,Gloster,LA,B-,A-,C-,B,C,B,A,B+,B+,A-,C-,C+,C-
468,55374,Rogers,MN,A-,B+,C+,B+,B,A,C+,A,C,B,A,A,B
469,62951,Johnston City,IL,B-,C,B,B,A-,C+,C+,B-,B-,A,C+,C+,B
471,58212,Aneta,ND,B-,B+,NG,A,B-,B-,C+,A,C-,A+,C+,D,B-
472,13406,Middleville,NY,C+,B-,B,B-,B-,B-,C+,C+,C-,B,B-,B,B
473,73838,Chester,OK,C+,B-,A,A-,C,B-,NG,A+,B,A+,C,D,C-
474,60601,Chicago,IL,A+,C+,C-,C+,A-,B+,A,B+,B-,C+,A+,A-,A
475,11769,Oakdale,NY,B+,A,A-,C-,A-,B+,B-,B-,B,C-,A,A,B+
476,26681,Nettie,WV,C,C+,B,A-,C+,B-,C,D+,C-,A,C-,B-,C-
477,96110,Eagleville,CA,C+,C+,C-,B,C,C-,B,B,C+,B+,B,C-,B+
478,70124,New Orleans,LA,A,B-,D+,B-,A,B+,B,A,B,C+,B,A-,A-
479,93063,Simi Valley,CA,B+,B,B-,C-,A-,B,A,C+,A,D+,A,A,A-
480,30180,Villa Rica,GA,B+,B,C+,B+,A-,B+,A,B,B,B+,B,B+,B
481,45831,Continental,OH,B-,B+,A+,A-,C,B+,C,B-,B-,A,C,C+,B
482,50217,Paton,IA,B-,B+,B,A-,B-,B,C,A-,B-,A,C,C-,C+
486,31054,Mc Intyre,GA,B-,C+,A-,B-,C-,B-,A,B,A-,A-,C,C+,A-
487,78606,Blanco,TX,B+,A-,B-,B,B+,B,A-,A-,B+,B,B,C+,C+
488,56501,Detroit Lakes,MN,B+,B,A-,B,A-,B+,B-,B+,C-,B+,B,C+,A-
489,07660,Ridgefield Park,NJ,A-,B+,A-,C-,A,A-,A+,B-,B,C-,B+,A-,A
490,13471,Taberg,NY,C,B-,B-,B,C+,C+,C+,B-,D-,B,C+,B-,B
491,05673,Waitsfield,VT,A-,A-,B+,B-,B,A-,C+,B+,D+,C,A,B,A-
492,02464,Newton Upper Falls,MA,A+,A+,B+,B-,B,A+,A-,B,C,C-,B+,A,A
494,47586,Tell City,IN,A-,B+,A+,A-,A-,A-,C+,A-,B,A,B,B-,B+
495,27921,Camden,NC,B-,B+,NG,B-,B-,B,B,C-,B+,B-,C+,B,C+
496,92114,San Diego,CA,B-,B,B-,D+,B,B-,A+,C-,A,C-,A,A-,A-
497,75102,Barry,TX,C+,B,B-,B-,C,C+,A-,B-,A-,B+,C,C+,C+
499,64676,Rothville,MO,C,C-,A,A-,C,C+,C+,B-,B,A+,C,D+,C+
500,82513,Dubois,WY,B-,B-,B-,C+,B+,C+,B-,B+,C-,B-,B,C,B+
502,26534,Granville,WV,C+,B+,B-,B-,C+,B,C,A-,C+,A-,C+,A-,C+
503,98342,Indianola,WA,B,B+,B-,C,C,A-,B-,B-,B-,C,B-,A,A
504,61550,Morton,IL,A,A,B,A,A,A,B-,A-,B-,B+,A-,B,B+
505,56039,Granada,MN,B-,B-,B+,A-,C,B,C,A-,C+,A,C,B-,B
507,83654,New Meadows,ID,C+,C,NG,C+,B+,C+,B-,C,D+,B-,B-,B,C+
508,38006,Bells,TN,C+,B-,C-,B+,B-,B-,A-,B-,B+,A-,C,C+,C+
510,98281,Point Roberts,WA,B+,B-,B,D+,B+,B-,B-,B+,A+,C,B+,A+,A
511,63839,Cooter,MO,C,C,C-,B-,C-,C,B-,B+,B+,A,C,C+,B-
513,99620,Kotlik,AK,D+,D-,NG,B,C,D,NG,C,NG,A-,C,D-,B-
515,39851,Fort Gaines,GA,C-,D,NG,C,B-,C,B,D,A-,A-,B-,B+,C-
516,05855,Newport,VT,B,B,A,C+,A-,B+,C+,C+,D+,B-,A-,A-,B
517,39150,Port Gibson,MS,C+,C+,NG,B-,C,B-,B-,C-,A-,A-,C,C,B
518,45814,Arlington,OH,B,B-,B,A-,B-,B,C,A-,C+,A,B,B-,B
520,28071,Gold Hill,NC,C,B-,C-,B+,C,C,B-,B-,B+,A-,C,B-,C-
521,33837,Davenport,FL,B,B-,C+,B,A-,B-,A,B,A,B+,B-,C+,C+
522,92882,Corona,CA,B+,A-,C+,C-,A-,B+,A,C+,A-,C-,A,A,A-
525,94131,San Francisco,CA,A+,A-,C-,C,A,A-,A,B+,A+,C-,A+,A+,A
526,62425,Dundas,IL,C+,B,B-,A,C-,C+,C,B+,B,A,C,B-,C-
527,50171,Montezuma,IA,B+,B,B,A-,B+,B,C,A-,B,A,B-,C+,B
529,60439,Lemont,IL,A-,A-,C-,B-,A-,A-,B-,B,B-,B-,A,A-,B
530,39216,Jackson,MS,B+,C,C-,C,A,C+,A-,B,B+,B,B+,B,B
532,50864,Villisca,IA,B-,B,B-,B+,B-,B-,C+,B+,B-,A,C+,C+,C+
533,53713,Madison,WI,A,A,B-,C,A,A,A+,C,C+,B-,A,A,A
534,04624,Corea,ME,C-,B-,B+,C,C,D,C-,D,C-,C-,B,B-,C+
539,57349,Howard,SD,B+,B,NG,A,B-,A-,B-,A-,C+,A,C+,C+,B+
540,15027,Conway,PA,C+,B-,B,B,B,B-,C+,B+,C+,B+,C+,B,C+
541,25205,Uneeda,WV,D-,C,NG,C+,C-,D-,D+,D-,NG,A-,C-,B-,D-
542,80623,Gilcrest,CO,B-,C+,B,B-,B,B-,A,B+,C+,B-,B,B+,B
544,49894,Wells,MI,B-,B,B+,A-,C+,B,C,C+,C,A,C+,B+,B-
545,52328,Robins,IA,A,A,B-,A,C-,A,B-,A,B,B+,C+,C+,A-
546,16668,Patton,PA,B-,B-,B-,B+,B+,B-,C,B,D+,A-,B,B-,C+
547,78023,Helotes,TX,A,A-,C,A-,A-,B+,A,A,B+,B,A,C-,B+
548,44307,Akron,OH,C,C+,C+,C-,C,C+,C+,D,C+,B+,B,A-,B+
549,65740,Rockaway Beach,MO,B-,A-,C,B,B-,B-,B-,C+,B,A,C,C+,B
550,01525,Linwood,MA,B-,B-,B-,B,B,B+,D-,C-,C+,B-,B-,A,D-
552,28508,Albertson,NC,C,C+,C+,B,C+,B-,A-,C,B+,A,C,C+,C-
553,97322,Albany,OR,B,B-,B,C+,A-,B,B+,C+,B-,C+,B,A-,A-
554,89122,Las Vegas,NV,B+,C,C-,B-,A,B-,A+,B-,A-,B-,B,A-,A-
555,81431,Redvale,CO,C,C+,A,B-,C,C+,C+,B,C-,B-,B+,B,C+
556,38080,Ridgely,TN,B-,B,B+,B+,B-,B-,B,B,B+,A,C-,C+,C+
558,83803,Bayview,ID,C,B,B+,C-,B-,C+,C+,D-,B-,C,B-,B+,C-
560,22504,Laneview,VA,C-,C+,C+,C+,C-,D-,C+,C,A-,B,C+,B-,C-
561,72099,Little Rock Air Force Base,AR,D,C,C-,NG,C,D-,A-,NG,B+,NG,C+,B,B-
562,19454,North Wales,PA,A+,A+,B,A-,A-,A+,A-,B+,B-,C+,A,A,A-
563,63120,Saint Louis,MO,B-,C-,NG,C,A-,C+,C,C-,B,A-,B,B+,A
564,04743,Fort Kent,ME,C+,C,B,C+,A-,C,C+,C+,C-,B,B-,C-,B+
565,47574,Rome,IN,C+,B+,A+,C+,C,C,C,B-,B,B,C+,B-,D-
566,29385,Wellford,SC,B,B+,C+,B+,B,B+,A,B-,B+,A-,B-,B+,C+
568,61465,New Windsor,IL,B-,B-,A+,A-,B-,B,C,C+,B-,A,C,C+,C+
569,17344,Mc Sherrystown,PA,C+,B,B+,C,B-,B-,C+,B-,B-,B-,B,A-,C+
570,93641,Miramonte,CA,C-,C,C,C-,B-,D-,B,B+,A-,B-,B,C+,C-
571,01220,Adams,MA,B,C,B-,C+,A-,B-,C+,B-,C,B,B+,A-,A-
573,28399,White Oak,NC,C+,C-,A-,B+,C-,C+,A,C-,B+,A,C,C+,C-
575,80744,Ovid,CO,B-,B,NG,A-,B,C+,B,A-,C-,B+,B,C-,B+
576,60643,Chicago,IL,A-,C+,C-,B-,A-,B,A-,C+,B-,B,A,A,A
577,49261,Napoleon,MI,C-,C+,C,C+,C+,B-,C-,C-,C+,A,C+,B+,C-
578,73030,Davis,OK,B+,B,B,A,B+,B+,NG,A+,A-,A,C,C+,C+
579,69162,Sidney,NE,B+,B+,B+,A-,A-,B,B-,A,C,A-,B-,C-,B
580,50208,Newton,IA,B,B-,B-,B+,A-,B,B-,B+,B-,A-,C+,C+,B+
583,02740,New Bedford,MA,C+,C-,B-,D-,A,C,NG,C-,B-,C+,A-,A,A-
585,23070,Hardyville,VA,B+,A-,NG,C+,C-,B,C,B-,A-,B,B-,B-,B+
586,72051,Fox,AR,C,C,A-,A-,C+,C+,NG,B-,B,A,C,C+,C-
587,52556,Fairfield,IA,A,B,B+,A-,A-,B,B+,A-,B+,A-,A-,C-,B+
588,24486,Weyers Cave,VA,B,B,NG,B+,C,B+,C+,B+,B+,B,B,B-,C+
589,94903,San Rafael,CA,A,A,B,C-,B,A-,A-,B,A+,D+,A+,A,A
590,20769,Glenn Dale,MD,B,C-,C+,B-,C,B,A-,B,B-,B-,B+,B+,C+
592,58711,Antler,ND,C+,B-,NG,A-,C-,B-,C,B+,C-,A,C,D+,C-
596,94305,Stanford,CA,A+,A+,B-,C+,C+,A+,A,B,A-,D+,A,A,A+
597,20109,Manassas,VA,A,B+,A,C+,A,A,A+,B,B,C+,A,A,A
598,48911,Lansing,MI,A-,C+,C,C+,A,B,A+,C+,C+,B+,A,A-,A-
599,74569,Stringtown,OK,B-,B-,C+,A-,C+,B-,NG,A,B+,A,C,B,C+
600,53544,Hollandale,WI,B,B,A,A-,B-,A-,C,A-,C+,A-,B-,A-,C+
601,69133,Dix,NE,B-,B+,A+,B+,B-,B,C+,A,NG,A-,C,C-,C+
603,28372,Pembroke,NC,C+,C-,D,C+,B,C,NG,C,A,A-,C+,B+,A-
605,37143,Pegram,TN,C+,C+,B+,B,C,B,C,B,B,B+,C+,B+,B-
606,65333,Houstonia,MO,C,C+,C,B,C-,C+,C+,B,B,A,C,C,C-
607,50056,Colo,IA,B-,B-,B+,A-,B-,B-,C+,A-,B-,A-,B-,C-,C+
608,45225,Cincinnati,OH,C+,B,C-,D+,B,B-,C+,D-,B-,B+,B,A-,A
609,98936,Moxee,WA,C,C+,C,C,B-,C+,A,B-,C+,B-,B-,B-,C+
611,74560,Pittsburg,OK,C,B-,C+,B,C,C+,NG,B,A-,A,C-,C,C+
612,41006,Butler,KY,B,B-,B+,B+,B-,B,C+,A,B-,A,B-,B,B
613,05487,Starksboro,VT,B,B,A,B,C,A-,C+,B+,D+,B-,B,B,C+
614,53589,Stoughton,WI,A,B+,B-,B,A-,A,B-,B+,C+,B,A,A,A-
616,17518,Drumore,PA,C,B,B,C+,C,B-,C,B-,B-,C+,B-,A,C+
617,30413,Bartow,GA,C+,C,C,B,C-,C,A-,B-,A,A,C,C+,C+
618,73089,Tuttle,OK,B,A,B-,A,B-,B,NG,A,A-,A-,B+,C-,C
619,72851,New Blaine,AR,C,C+,B,A-,C,C,B,C,B+,A,C,C+,C-
620,90002,Los Angeles,CA,C-,C-,C,D-,B,C-,B+,D+,A,C-,A-,A,A-
621,07928,Chatham,NJ,A+,A+,A-,B-,A-,A+,B-,B+,B-,C-,A+,A,A-
622,38240,Obion,TN,C+,B-,C+,B,C,C+,C+,C+,B,A,C-,C,B
623,30621,Bishop,GA,A-,A,A,A-,C,A,B,A,B+,B,B,B-,C-
624,34785,Wildwood,FL,B+,C,C+,B-,A-,C+,A,A,A,B,B+,A-,B+
625,21215,Baltimore,MD,B-,C-,NG,C-,B,C+,B+,D+,B,B,B+,A-,A
627,91784,Upland,CA,A-,A,C,C-,A-,B+,A,B,A,C-,A,A,A-
628,10703,Yonkers,NY,B,B-,B,D-,A-,B,A+,C-,B-,C-,A,A,B+
629,29406,Charleston,SC,A-,B-,C,C+,A,B,A,C+,A-,B,A,B+,A
631,54107,Bonduel,WI,B-,B-,B+,B,A-,B-,C+,B,C,A-,B-,B-,B
632,22660,Toms Brook,VA,C+,B-,A-,B-,C,B-,B-,B-,B,B,B-,B-,C+
633,30461,Statesboro,GA,A-,B,C+,B+,B-,B+,A-,B+,A-,A-,B-,C+,A-
634,81004,Pueblo,CO,B,C+,C-,C,A-,C,A,C-,B-,B,A,C+,A
635,95389,Yosemite National Park,CA,B,B,NG,C,C+,B,A-,C,B,B-,A-,B-,A+
636,85625,Pearce,AZ,C+,C+,B-,B-,B,C-,B+,C+,B,B,B-,C+,C+
637,60527,Willowbrook,IL,A+,A+,A-,B,B,A+,A,B,B-,C+,A,A,A-
638,90220,Compton,CA,C+,D,C,D-,A-,C-,A,C-,A,C-,A,A,A
639,43948,Smithfield,OH,C+,B,B-,B+,C-,B+,NG,C+,C+,A+,C,C+,C+
640,78545,Falcon Heights,TX,C-,B,B,C,C,C,C-,B-,A-,A,B-,D+,B-
642,31025,Elko,GA,B+,B+,C,A+,C,B,A-,B+,A-,A,B-,C+,C+
643,44882,Sycamore,OH,B,C+,B,B+,B+,B+,C+,A,B-,A,C+,A-,B
644,56225,Clinton,MN,B,B,A+,A,B-,A-,C+,A-,C-,A,B-,C+,B
645,28748,Leicester,NC,B,B+,C,B+,B-,B-,C+,B,B,B+,A-,B,B-
647,69210,Ainsworth,NE,B,C+,NG,B+,B+,B,C+,A-,NG,A,C,B,B-
648,29676,Salem,SC,B+,B-,B-,B,C+,B-,C+,A-,A-,B+,B-,B+,B
649,14130,Pike,NY,C,B,A-,B-,B-,C+,C,B-,C-,B+,B-,B-,C-
652,68108,Omaha,NE,B+,B,C,B-,A,B+,A,C+,B-,B+,A-,A-,A
656,36907,Cuba,AL,D+,D+,C+,C-,C,D,B-,C-,B+,B+,C,C+,C-
657,06066,Vernon Rockville,CT,A-,B-,B+,C+,A,B+,B+,B-,B-,C+,A,A,B
658,39337,Little Rock,MS,C,B,NG,B+,C,B-,C,B,NG,A,C,C+,C-
660,62953,Joppa,IL,B-,B-,B-,B-,C,B-,B-,C,B,A,C,C+,A
662,56759,Strathcona,MN,B-,B+,A+,A,C+,B+,C,B,C-,A,C,C,C-
664,54927,Butte Des Morts,WI,B-,B+,B,B,A-,B,C,C+,C+,B+,C+,B-,C+
665,20011,Washington,DC,A-,B-,C-,C-,A,B,A,C,B,C+,A,A,A
666,10606,White Plains,NY,A-,A+,B,D+,B,A,A+,C-,B-,D+,A,A,A
667,52318,Norway,IA,C+,B+,A,A-,B-,B-,C,B-,B,B+,C,C-,C+
668,05340,Bondville,VT,B-,NG,B-,C-,B-,B-,C+,B-,C-,C,B,B,C+
670,88002,White Sands Missile Range,NM,B-,B,B-,C,C+,B-,A,C-,A-,C+,B,C+,B-
671,49322,Coral,MI,C,C+,B+,B,C,C+,C+,C,C-,A-,C+,B-,B
674,19440,Hatfield,PA,A,A+,B,B,A-,A,A-,B+,B,B-,A-,A,B
675,11234,Brooklyn,NY,A-,B,NG,D+,A-,B+,A,C+,B,C-,A,A,A
676,35962,Crossville,AL,B-,B-,B-,B+,B-,B,A-,B+,B,A,C+,C+,C-
678,43976,Hopedale,OH,C+,C-,B,B,B-,C+,B-,A-,C,A,C+,C+,B
679,79041,Hale Center,TX,B,B,B,A-,B-,B,A-,C+,B+,A,B-,D+,B
680,96091,Trinity Center,CA,C+,B+,NG,C-,C,C+,C,C,A+,C+,B,B,B-
681,44612,Bolivar,OH,B+,B+,A-,A-,A-,A,C+,B+,C+,A-,C+,A-,B-
683,19050,Lansdowne,PA,B+,C-,C+,C,A-,B,A,B-,B,B-,A-,A,B+
684,29210,Columbia,SC,B+,C,C-,B-,A,B-,A,C+,A-,B+,A-,B+,B
685,65080,Tebbetts,MO,B-,B,B-,B,C,B-,A-,B+,B-,B+,C,C+,C-
687,24230,Coeburn,VA,B-,B+,B,B+,B-,B-,C,C-,B,A,C,C+,B
688,44690,Winesburg,OH,C,B+,A,B,C-,B,C-,B+,C+,A-,B-,B-,C-
690,29715,Fort Mill,SC,A,A+,C+,A,B,A,A-,A-,A-,B+,A-,B,A-
691,65322,Blackwater,MO,B-,B+,B+,A-,C,B+,NG,B-,B-,A,C,B-,C+
692,17856,New Columbia,PA,C+,B,A,B+,C,B,C,B-,B-,B+,C+,B,C
693,77318,Willis,TX,B+,B,C+,B+,B+,B,B+,A,B+,B,B,B-,C+
694,98661,Vancouver,WA,B,C+,B-,C-,A,B-,A-,C+,B,C+,A,A,A
695,38455,Elkton,TN,C,C,B-,C,C-,C-,B+,B-,B+,A-,C,C+,C+
696,25053,Danville,WV,C,C,NG,B,B,C+,C,C-,B+,A-,C,B-,C+
697,15717,Blairsville,PA,B-,B-,B,B,A-,B-,B-,B,C-,B+,C+,B+,C+
698,87024,Jemez Pueblo,NM,C,C-,B-,B-,C,C,NG,C+,B+,B+,B,B,B
699,89319,Ruth,NV,C-,C+,NG,C+,B,C+,C+,C-,D+,B+,C+,C+,C-
700,47460,Spencer,IN,B,C+,NG,B+,A-,B-,C+,C,B-,A-,B,C+,A-
701,61042,Harmon,IL,B-,B-,A-,B+,B,B-,C+,B-,B-,A,C,B-,C+
703,58763,New Town,ND,B,C-,A,A-,A-,B-,NG,A+,C-,A,C-,D+,B+
704,28077,High Shoals,NC,C-,C+,C+,C,C,C,B-,C-,B+,B,C,B,C-
705,76571,Salado,TX,A-,A-,C,A,B+,A-,B,A,B+,B+,B-,C+,C
706,80026,Lafayette,CO,A+,A,B,B,A-,A+,A-,B+,C+,C,A+,A,A
707,41035,Dry Ridge,KY,B-,C,B+,B-,B,B-,C+,C,B-,A-,B,B-,B+
708,30669,Union Point,GA,C+,C-,C+,C+,B-,C-,A-,B-,B+,B+,B-,C+,C+
709,96774,Ookala,HI,D,C-,NG,D,C-,C-,NG,C-,D+,C,B-,C+,C-
710,25928,Stephenson,WV,D+,C,C,B-,C-,C-,C,D+,A-,A,C-,B-,D-
711,13642,Gouverneur,NY,C+,C,B,B-,A-,C+,B-,C+,C,B+,B-,B,B-
713,06880,Westport,CT,A+,A+,B-,C+,A-,A+,C+,B,C+,C-,A+,A,B+
714,46793,Waterloo,IN,B,B,B+,A-,A-,B,C+,B-,B-,A,C+,C+,B
715,78107,Berclair,TX,C-,B,NG,C,C-,C,B+,C-,A-,B+,C+,C-,B-
716,63131,Saint Louis,MO,A+,A+,C+,A-,A-,A+,C+,A,B,B-,A,A-,B+
717,24701,Bluefield,WV,B+,C+,C,B+,A-,B,B,B-,A,A,B,A-,B
718,77376,Votaw,TX,C-,C+,B,B,C-,D,C-,A-,B,A,C,C+,D-
719,32225,Jacksonville,FL,A-,C+,C,B-,A-,B,A,B+,A-,B,A-,A-,A-
720,62539,Illiopolis,IL,C+,B+,C,B+,B,C+,C+,C+,B,A-,C+,C-,C-
721,78834,Carrizo Springs,TX,B-,C-,NG,B,B+,C,B,A,B+,A,B-,D,C+
722,56347,Long Prairie,MN,B+,B,A,B+,B+,A-,B,A-,C,A,B+,B-,B
723,10518,Cross River,NY,A,A+,B,B-,C+,A+,C-,C,C+,C,A-,A,B-
724,66753,Mc Cune,KS,B,B-,B+,B+,B-,B,C+,B+,B+,A,C,C+,C+
725,41056,Maysville,KY,B,B,B,B,A-,B+,B-,B,C+,A-,B,B,B
726,14733,Falconer,NY,B-,B-,C+,B-,A-,B-,C+,B,C-,B+,C+,B-,B
727,24465,Monterey,VA,B,B,NG,B-,C+,B,C,A,NG,A-,B,B,C+
729,37072,Goodlettsville,TN,B+,B-,C-,B-,A-,B-,B+,B+,B-,B+,B,B-,A-
730,83627,Hammett,ID,C-,C,A-,D,C-,C,B+,D+,C+,C+,C,C+,C+
731,30725,Flintstone,GA,B-,B,B+,A-,C,B+,B-,B,B,A-,C+,B-,C-
734,28587,Vandemere,NC,C,B-,NG,B-,C-,C-,C+,C+,A-,B+,C+,B-,B
735,78064,Pleasanton,TX,B+,B-,C+,A-,A-,B-,A,A+,B+,A-,B+,D+,C+
736,63736,Benton,MO,C+,C+,C,B+,B-,C+,B-,B,B,A,C+,C+,C+
737,36782,Sweet Water,AL,B-,B-,C,A-,C,B-,A-,B-,A-,A,C-,B-,C+
738,30511,Baldwin,GA,B-,B-,A+,B,B-,B+,B+,C,B,A-,B-,B-,C+
740,95462,Monte Rio,CA,B,A,B-,C-,B-,B,B,C-,A,C-,A,A,B+
741,37617,Blountville,TN,B-,B-,C+,B,B-,B-,C+,B-,B+,A-,C,C+,B-
744,92567,Nuevo,CA,C-,C,C+,C-,C,C,A,C,B+,C,B,B,C+
745,53711,Madison,WI,A+,A,B-,B+,A,A+,A-,A-,C+,B,A,A,A
748,13863,Willet,NY,C+,B-,B+,B,C+,B,C+,B-,C-,A-,B-,A-,C+
749,48081,Saint Clair Shores,MI,A-,B,B-,B+,A-,B+,B-,B+,B-,A-,A-,B+,A-
751,42743,Greensburg,KY,B-,C+,A,B+,B-,B,C+,B,B-,A,C+,C+,B
752,43722,Buffalo,OH,C-,C+,C+,B,B-,C-,C-,C-,A-,A+,C-,C+,C-
754,44437,Mc Donald,OH,B-,B,C+,B,C,B,C+,B-,C+,A,B-,B+,A-
755,13092,Locke,NY,B,B-,B,B+,A-,B-,C+,B+,C-,B+,B-,B,A-
758,71429,Florien,LA,B-,B,B-,A,C,B-,B+,B+,NG,A,C,C-,B
759,24089,Fieldale,VA,C+,B,NG,B,B-,B-,A-,B-,B,A-,C+,B-,C-
760,75459,Howe,TX,B+,B+,C+,A-,B-,B,B+,B,B+,A-,B-,C+,B
761,70776,Saint Gabriel,LA,B,B-,B-,A-,A,B-,A,A,B,A-,C,B,C
762,16666,Osceola Mills,PA,C,C,B-,B,C,C,C,B-,B,A-,C+,B-,C+
764,45768,Newport,OH,C+,C,B,A,C-,C+,C,A-,B+,A,C-,C+,C-
765,70070,Luling,LA,A-,A,NG,A-,A-,A,B+,B,B,B+,B,C+,B
767,14901,Elmira,NY,B,C+,B-,C,A,B-,B+,C,C,B-,A-,A-,A
768,23062,Gloucester Point,VA,B-,B,NG,C+,B,B,C+,B,B+,B,C+,A-,C+
769,84088,West Jordan,UT,B+,C+,C+,C+,B,B,A-,B,C+,C+,A+,A,A-
770,63124,Saint Louis,MO,A+,A+,C+,C+,A-,A+,B-,A-,B,B-,A,A-,B
771,31549,Lumber City,GA,C+,C+,A,C,C-,C+,B+,B-,A,A-,C,C,B
772,16153,Stoneboro,PA,B-,B-,B-,B+,B-,B-,C,A-,C-,A-,C,B+,B
773,71960,Norman,AR,C+,C,NG,B+,B-,C,B-,B-,B,A,C,C+,B-
774,51365,Wallingford,IA,C+,C+,B,B+,C-,B-,NG,B-,B-,A,C,B-,C+
775,21050,Forest Hill,MD,B+,A-,B-,B,B-,A,B-,B+,B-,B-,B+,A,B
776,33167,Miami,FL,B,C+,C,C,A-,C+,A-,C,A,B-,A-,A,B
777,23436,Suffolk,VA,B,C,NG,B,B,B,B+,A,B+,B-,C+,B,C-
778,59034,Hardin,MT,C,D+,NG,B,A-,C+,NG,C+,C-,B+,C,C+,C+
781,18457,Rowland,PA,C-,B+,A-,B,C-,C+,C+,B+,B-,B,B-,B,C-
782,79325,Farwell,TX,B,B+,A-,A-,C,B,A-,A-,B-,A-,B-,D,B
784,08859,Parlin,NJ,A-,B+,B,C+,A-,A-,A,B,B-,C+,A-,A,B+
786,08060,Mount Holly,NJ,A,B+,B,B-,A-,A-,A,B-,B-,C+,A,A,A-
787,91759,Mt Baldy,CA,B,B,C,C+,B-,C+,B-,B,B+,C-,B+,B+,B
788,10454,Bronx,NY,B-,B-,NG,C-,A,B,B,D+,B,C,B+,A,A
792,02554,Nantucket,MA,A-,B,B+,C-,A,B,B+,A-,A-,C-,A,B,A
793,05062,Reading,VT,B-,A-,B+,C-,B-,B,C,D-,C-,C,A-,B,A-
795,51631,Braddyville,IA,C+,D+,B+,B+,B,C-,C+,B+,B-,A,C,C+,C+
796,47847,Dana,IN,B-,C+,B+,A-,A-,B-,C+,C+,B-,A,C,C+,C+
798,53565,Mineral Point,WI,A-,A-,A,B+,B+,A,C+,B+,C+,B+,B,A-,B
799,29613,Greenville,SC,A,A-,C+,NG,C+,B+,B-,NG,B+,NG,B-,B+,A
800,74061,Ramona,OK,B-,B,B-,A-,C,B-,NG,B+,B+,A-,B-,C+,C+
802,06762,Middlebury,CT,A-,A,B-,B,B-,A,B-,B-,C+,C,A-,A,B
803,37765,Kyles Ford,TN,D+,D+,A,B-,C-,D+,C,D-,B,A-,C-,C+,C-
804,15042,Freedom,PA,B-,B-,B,B,A-,C+,C+,B+,C+,B,C+,C+,B
805,72143,Searcy,AR,A-,B+,B,B+,B+,A-,B,B+,B,A-,B,B-,B
806,75567,Maud,TX,C+,B+,C,B+,B-,B-,B-,B-,A-,A-,C,C+,C
807,52640,Morning Sun,IA,B,B,NG,A-,B-,B,C+,A-,B,A,C,C-,B
808,62460,Saint Francisville,IL,C,C-,B+,B+,C,C,C,B-,B,A,C+,C+,C+
809,15958,Summerhill,PA,C+,C+,B-,B+,B-,B-,C,B,D+,B+,C+,C+,C+
810,37064,Franklin,TN,A+,A+,B+,A-,A-,A+,B,A-,B-,B,A,B-,B
811,25647,Switzer,WV,C-,D+,A-,B,C,C,C+,C-,B+,A,C-,B-,C-
812,48065,Romeo,MI,B,C+,B-,B,B-,B-,B-,B+,C+,B+,B,B-,B-
813,84601,Provo,UT,A,B+,A-,B-,A,A,A,B,C+,B-,A+,A,A
814,15715,Big Run,PA,C+,B-,A-,B+,C,B-,C+,B,C-,A-,C,C+,B
815,30401,Swainsboro,GA,B-,C+,C,B,B,C+,A,C,A,A-,B-,C+,B
816,18301,East Stroudsburg,PA,B+,B,B,C,A,B+,A,C,C+,C+,B+,A,A-
817,69030,Haigler,NE,B-,B-,NG,B+,C+,B-,B+,B-,NG,A,C,D+,B+
818,34140,Goodland,FL,C+,B+,B+,D,B,C-,D,B+,A+,C,B+,A-,C-
819,71640,Eudora,AR,C,C,C+,B-,C,C,B,C-,B+,A,C-,C,B
820,10535,Jefferson Valley,NY,B+,A,B,C,B-,A,B+,C-,B-,C,A,A,C-
821,35761,New Market,AL,B+,A-,C,A,C,A-,B+,A-,B+,A-,C+,B+,C+
822,85310,Glendale,AZ,A-,B+,C+,B+,A-,B+,B-,B+,A,C+,A,A-,A-
824,72211,Little Rock,AR,A,B-,C-,B+,A,B+,A,B+,B+,B+,A-,C+,B+
825,97827,Elgin,OR,C,C-,B+,B-,B-,C,C+,C+,B-,B,B-,B,C+
826,25826,Corinne,WV,C-,C,C,B-,C,C-,C-,C,A-,A,C-,B-,D-
827,18472,Waymart,PA,C+,B-,A-,B,B,B-,A-,C+,C,B,B-,B,C+
828,89508,Reno,NV,B-,B,C,B,B-,B-,B+,C+,B+,C+,B,B,B-
830,13782,Hamden,NY,C+,C+,B+,B-,B-,C+,C+,B,C-,B,B-,B-,B+
831,28547,Camp Lejeune,NC,C,C+,B,D-,C+,C,A-,C-,B+,C,B,B-,A-
832,38548,Buffalo Valley,TN,C,B,B-,B+,C,C+,C+,B,B,A-,C,B-,C-
836,46221,Indianapolis,IN,B-,B-,C-,B-,A-,C+,B,B-,B-,A-,B,C+,A-
837,86023,Grand Canyon,AZ,B+,C+,B-,B,B,C,NG,A,B,A-,B,C,A
840,60469,Posen,IL,C+,C+,C-,C-,A-,C+,A,D+,B-,B,B+,A-,B
841,07104,Newark,NJ,C,C-,C,D-,A,C,A-,D-,B-,C-,B+,A,A
844,98935,Mabton,WA,C-,D,C,C,C,C-,B,C+,C,B,C+,B-,C+
845,30631,Crawfordville,GA,C+,C-,NG,C+,B-,C-,A-,C-,A,A-,C,B-,B
846,63121,Saint Louis,MO,B,D,C+,C,B,C+,B,C+,B,A-,A-,A-,A
847,83631,Idaho City,ID,C+,C+,A,C,B+,C+,C+,B,C,B-,B-,B,B-
848,28366,Newton Grove,NC,B-,B,C,B,B-,B,A,B,B,A-,C+,B+,C+
849,15420,Cardale,PA,D-,C,B-,C-,C,C-,NG,D,C,B,C-,C+,D-
851,24401,Staunton,VA,A-,B-,NG,B-,A-,A-,B,B,B+,B,A-,A-,A-
852,26050,Newell,WV,C+,B,B,B,B,B-,B-,C,C+,A,C-,C+,B-
854,08232,Pleasantville,NJ,B-,C,C+,D,A-,C+,A+,D+,B,C,B+,A-,A
855,15684,Slickville,PA,C,B,B,B-,B,C-,C-,B-,C,A-,C+,B-,C-
856,61818,Cerro Gordo,IL,B-,B-,A+,B+,B-,B,C+,B-,B,A,B-,C-,C+
857,42202,Adairville,KY,B-,B+,C+,B+,B-,B-,B,B,B-,A-,C-,C+,B
858,66219,Lenexa,KS,A+,A,B,A-,B,A+,B+,A,B,B+,A,A-,A-
861,23119,Moon,VA,B-,B,NG,B-,C-,B-,C-,A-,A-,B-,B-,B-,C-
862,20685,Saint Leonard,MD,B,B,NG,B-,B-,B+,B+,B,B,B-,B-,B-,B
863,38622,Crowder,MS,C,C,NG,C+,C-,C+,B+,C-,B+,A,C-,C+,B+
864,50557,Lehigh,IA,B-,A+,C,A-,C,B+,C,C+,B-,A,C,B-,C+
865,74932,Cameron,OK,C,C,B-,B,C,C+,NG,B,B+,A,C-,B-,B
867,29113,Norway,SC,C+,C,C,B,C,C+,A-,C,A-,A,C,C+,C+
868,58757,Mandaree,ND,C+,D,A,B,C,C,NG,A,C,A+,C-,D+,A
869,30815,Hephzibah,GA,B-,C-,B+,B-,B-,B-,A,B-,A,B+,C+,C+,B
870,55119,Saint Paul,MN,A,B-,C,B,A-,A-,A+,B,C+,B+,A,A,A-
872,92147,San Diego,CA,B,A-,B-,NG,C+,C+,B+,NG,A,NG,B+,A-,B+
876,84782,Veyo,UT,C+,B,B+,B+,C,B-,C+,A-,C+,B-,B+,B-,C-
878,34736,Groveland,FL,B-,C+,B-,B-,B-,B-,A,B-,A,B,B,B-,C
879,19605,Reading,PA,B+,B-,B-,B-,A-,B,A-,B,B-,B-,B+,A-,A-
880,48601,Saginaw,MI,B-,C+,C+,C,A-,C+,A-,C-,C+,A-,B,B-,A-
881,29356,Landrum,SC,B+,A-,C+,A-,B-,A-,B-,B+,B,A-,B+,A-,C+
882,44443,New Springfield,OH,C+,A-,C+,A-,C,B,B-,B+,C+,A-,C,C+,C+
883,97361,Monmouth,OR,B+,C+,B,C-,A-,B-,B+,B,B-,C+,B+,B,A
884,51645,Imogene,IA,B-,B,NG,A,B-,B+,C,B,B-,A,C,B-,C+
886,48042,Macomb,MI,B,B+,B-,B+,A-,B+,C+,B+,C+,B+,B-,B-,B-
887,45148,Midland,OH,C,B,B,B,C,B-,C,C,B-,A-,C-,C+,C
888,14418,Branchport,NY,B-,B-,A+,B+,B-,B,C,B+,C,B,B-,B,C+
893,65101,Jefferson City,MO,A-,B,C+,B+,A-,B+,A-,B+,B-,A-,B+,B-,A-
894,15677,Rector,PA,C+,A-,B,B+,C,B+,C,B+,D+,B,C+,B-,C-
895,84539,Sunnyside,UT,C+,B-,B+,B,B-,B-,B,C+,B-,A-,B-,C+,C+
896,57799,Spearfish,SD,B+,B,B+,NG,C,C+,C-,A,C-,NG,B-,B-,B-
897,19311,Avondale,PA,A-,A,B,B-,B-,A-,A,B+,B-,C+,A,B,B+
898,11738,Farmingville,NY,B+,A-,A-,C,A,B+,B+,B-,B-,C-,A,A,A-
899,93463,Solvang,CA,A-,A,C+,D+,A-,B+,A-,C,A-,C-,A,A,A-
900,56571,Ottertail,MN,B-,B,B-,B,B+,C+,C+,B-,C-,B+,B,C+,B
903,08050,Manahawkin,NJ,B,B,B+,C,A-,B+,B,B-,B+,C-,B+,A-,A-
904,28364,Maxton,NC,C,C-,D,C+,B-,C,NG,C-,B+,A-,C+,B,A-
905,18066,New Tripoli,PA,B,A-,B-,B-,A-,B,C+,B,B-,B-,B,B-,B
906,08750,Sea Girt,NJ,A,A-,B,C-,A-,A-,C+,B,B+,C-,A+,A-,A
907,95361,Oakdale,CA,B,B,C,C-,A-,B-,A-,C,A,C,A-,B+,A-
908,16915,Coudersport,PA,B,C+,A-,B,B+,B,C+,B-,B,B,B-,B-,C+
909,50163,Melcher Dallas,IA,B-,B,A,B+,B,B-,C+,B-,B-,A,C+,C-,C+
910,64048,Holt,MO,B-,B+,B-,A-,C,B,C,A-,B,A-,B-,B-,C+
911,50051,Clemons,IA,C,B+,C+,B,C,C,C,B,B-,A,C,C-,C+
912,28217,Charlotte,NC,A-,C+,C,B-,A,B,A+,B-,A-,B+,A,B+,A-
913,56267,Morris,MN,A,A-,A-,A-,B+,A,B-,A-,C-,A-,B+,B,A
914,87068,Bosque Farms,NM,C+,C+,C+,B-,B-,C+,NG,B-,B,B-,B,B-,B
915,54155,Oneida,WI,B+,B+,B,B+,B+,A-,NG,B+,C,B+,C+,B-,B
916,01338,Buckland,MA,C+,B,B-,B,C,C+,C-,C-,C-,C+,B,B,C+
917,31020,Dry Branch,GA,C+,C-,A+,B-,C-,B-,A-,B-,A-,A-,C,C+,C-
919,56270,Morton,MN,B+,B,A,A-,A-,A-,NG,B+,C,A,C+,B,C+
920,49454,Scottville,MI,B,C+,B+,B,B+,B-,B-,B-,C-,A-,B,B-,A-
924,71999,Arkadelphia,AR,D+,B,C+,NG,C+,D,B,NG,B,NG,C,B,B-
927,63474,Wyaconda,MO,B-,B-,A+,A,C,B,C,A-,B+,A,C,C-,C+
928,45356,Piqua,OH,B,B-,B,B,A-,B-,B-,C+,B-,A-,B,B-,A-
929,75974,Tenaha,TX,B,B,B-,B+,B-,B-,A,B,B+,A,B-,C+,C+
931,33137,Miami,FL,A-,B,C,C-,A,B,A+,C+,A,C,A,A-,A
932,45772,Reedsville,OH,C+,B-,A-,A-,C-,B-,C+,B-,A-,A,C-,C+,C+
933,56435,Backus,MN,C+,C+,A,B,B-,B-,C+,B-,C,A-,B-,B-,C+
934,83523,Craigmont,ID,B-,C+,A-,B+,B-,B,C+,B,C+,B+,B-,A-,B-
936,97836,Heppner,OR,B-,B-,C+,B-,B-,C+,B-,A,B-,B,B-,B-,B
937,83617,Emmett,ID,B-,B-,B,C+,A-,B,B-,B-,C+,B-,A-,A-,B
940,93950,Pacific Grove,CA,A,A+,C,C-,B,A-,B+,B,A+,C-,A,A-,A
941,56142,Ivanhoe,MN,B-,A-,NG,A-,C,B+,C,B+,C,A,C+,C,B-
942,36793,Lawley,AL,D-,C+,B-,D+,C-,D,C-,D-,B,B,C,C+,C-
944,19703,Claymont,DE,A-,B+,C-,B-,A-,B+,A,B-,B,B,B,A-,A-
945,55047,Marine On Saint Croix,MN,B+,B+,B+,B,B-,A-,B-,A-,C,B,B,A,B
946,55352,Jordan,MN,A-,A-,B+,B,B+,A-,B-,A-,C,B,A-,B,A-
948,80907,Colorado Springs,CO,A,B,C+,B-,A,B,B+,B,B-,B-,A+,A-,A
949,32117,Daytona Beach,FL,B+,B-,C,C+,A-,B,A-,C+,A,B+,B+,A-,A-
950,61519,Bryant,IL,C-,C-,B+,B,B-,C-,C,C,B-,A,C,D+,C-
953,06468,Monroe,CT,A-,A,B-,B-,B-,A,B-,B,C+,C,A,A,B
954,23840,Dewitt,VA,C+,C+,NG,B,C,B-,A-,C+,A,A,C,B-,C-
955,50471,Rudd,IA,B-,B,A-,A-,B-,B-,B-,B,B-,A,C,C-,B
956,15053,Joffre,PA,D+,C-,B,B,C,C-,C,C+,C,B+,C+,C+,D-
957,28037,Denver,NC,A-,A-,C+,B,B+,B+,B-,B+,B+,B,A-,B+,B+
958,64139,Kansas City,MO,B+,A,C-,B,C-,A-,A-,A-,B,B,B+,B+,B
959,25245,Given,WV,C,B,A,B-,C-,C+,C,B-,NG,A-,C+,B-,C-
961,47003,West College Corner,IN,B-,B,NG,B,A-,B,C+,C+,C+,A-,C+,B-,C+
962,56115,Balaton,MN,B-,C+,B,A-,B-,B-,C+,A-,C,A,B-,C+,C+
964,31833,West Point,GA,B-,B,B,C+,B,B-,A-,B,B+,B+,B+,C+,C-
966,21869,Vienna,MD,C+,C,C-,B-,C,C,A,B+,B,B+,C,B-,C+
967,84751,Milford,UT,B,C+,NG,B+,B-,B,B,A,D+,B+,B-,C,B
968,16326,Fryburg,PA,B,C+,A-,A-,A-,B,C,A-,C-,A-,B-,B-,C+
969,18201,Hazleton,PA,B,B-,B-,C+,A,B,A,C,C+,B,B,B+,A-
970,23704,Portsmouth,VA,B,C-,NG,D+,A,B-,B+,D+,A-,B-,B+,A-,A
971,04943,Hartland,ME,C-,C,B,C+,C,C,C,C+,C-,B,C,B-,C+
972,71970,Story,AR,C+,C+,NG,A-,C-,B,B-,B,B,A,C,C+,C-
973,23824,Blackstone,VA,B-,C+,B,C+,B,B-,A,C+,B+,B+,C+,B-,C
974,31555,Odum,GA,B-,C+,C,A-,B,B-,B,B+,A-,A,C,C+,C+
975,41773,Vicco,KY,C,C+,B,B-,C,C+,C-,C-,A-,A,C-,C+,B
976,39156,Redwood,MS,C-,C,C-,C+,C+,C-,B-,D+,A-,B+,C-,C+,C-
977,63147,Saint Louis,MO,C+,C-,NG,C,A,C+,C+,C,B,A-,B-,A-,B
978,05650,East Calais,VT,B-,A-,B+,B,C,B+,B-,B-,C-,C+,B,B,B
979,78405,Corpus Christi,TX,C+,C,C,C+,B,C,C+,B,A-,A-,B-,B-,A
980,87519,Cerro,NM,D-,C,C,D-,C,D-,D+,D-,D+,C+,A-,B-,C-
981,89832,Owyhee,NV,C-,D,C+,B-,C,C-,NG,B-,D-,A-,C+,C-,B+
982,15436,Fairchance,PA,C+,C-,B-,B-,A-,C+,C+,B,C,B+,C-,B,B
984,57759,Nemo,SD,B,C,B+,C-,C+,B-,NG,C+,A,B-,B-,B-,B-
985,43545,Napoleon,OH,A-,B,A-,A-,A-,A-,B-,B,B-,A-,B,B+,A-
986,72928,Branch,AR,B-,B+,B+,A,C,B+,C+,A,B,A,C-,C+,C-
987,14103,Medina,NY,B,B-,B,B-,A-,B,B,C+,C,B,B+,A-,A-
988,66409,Berryton,KS,C+,B,C-,B,C-,C+,B-,B,B,B+,C+,B-,C-
989,03216,Andover,NH,B-,C,B+,B-,B-,B-,C+,B,C-,B-,B-,B,B+
990,15006,Bairdford,PA,B-,C+,C+,B,C,B,C,B,C,A,B-,B+,C+
991,85128,Coolidge,AZ,B-,C-,B-,B-,B+,C+,NG,B-,A,B+,B,B,B
992,56137,Heron Lake,MN,B+,B,A+,A,B-,A,B,B+,C,A,B-,B-,C+
993,71651,Jersey,AR,C-,C-,C,B+,C-,C,C+,B+,B+,A,C-,C,D-
994,46996,Winamac,IN,B+,B,NG,A-,A-,B+,C+,B-,B-,A,C+,B-,A-
995,56339,Hoffman,MN,B,B+,A+,A-,C,A-,C+,A-,C-,A,C+,C+,B
998,65609,Bakersfield,MO,C+,B,NG,B,B-,B-,C-,B,B+,A,C,C+,C+
999,68967,Oxford,NE,B,B+,NG,B+,C,A-,C+,B-,C+,A,C,C+,B
1000,24325,Dugspur,VA,C,B-,A,B,C-,C,C,C,A-,A-,C+,B-,C-
1001,18846,Sugar Run,PA,C+,B-,B+,B,C,B-,B-,B-,C+,B,C+,B-,C+
1002,16161,Wheatland,PA,C,C-,B-,C+,B-,C-,B,B,C,B+,C,B-,B
1004,31415,Savannah,GA,C,C-,C-,C-,C+,C-,C,C-,A-,B,B,B+,A
1006,49306,Belmont,MI,A-,A-,C+,A-,B+,A,B-,A-,C-,B+,B+,A-,B-
1007,76059,Keene,TX,B-,B,B,B-,B,B,NG,B+,B+,B+,B,C+,C+
1009,12839,Hudson Falls,NY,B-,C+,A-,C+,A-,C+,B-,C+,C,B-,A-,B,A-
1010,59740,Mc Allister,MT,C-,A-,A+,D-,C-,C,C+,C+,C-,C-,B-,B-,C+
1011,42040,Farmington,KY,B,A-,B,A,C-,B+,C+,A,B-,A,C+,C+,C-
1012,75214,Dallas,TX,A+,B,C,B-,A,A,A-,A-,A-,B-,B+,B+,A-
1013,18460,South Sterling,PA,B-,B+,A-,B-,C-,B,C,B-,B-,B,B-,B,B+
1015,84071,Stockton,UT,C+,C+,B,B-,C+,C+,C+,A,C,B,B,B,B
1016,32765,Oviedo,FL,A+,A,C+,B,A,A,A,B,A,B-,A,A-,B+
1017,64862,Sarcoxie,MO,C+,C,C+,B,B+,C,C,C+,B,A,B-,C+,C+
1019,06461,Milford,CT,B,B+,B-,C,C,B,B,B-,B,C,B,A,A-
1020,55127,Saint Paul,MN,A+,A,C,A-,A-,A+,B,A,C+,B,A,A,B
1021,54843,Hayward,WI,B+,B,B,B-,A-,B,NG,C+,C-,B+,B+,B-,A-
1024,72433,Hoxie,AR,C+,C+,B+,B,B,C+,C,B-,A-,A,C-,C+,C+
1025,64402,Albany,MO,B+,C+,A+,A-,B+,A-,C+,B-,B,A,B,B-,B
1026,71264,Oak Ridge,LA,C,C-,D+,B,C-,C,B+,B,NG,A,C-,C,C+
1027,38940,Holcomb,MS,C,B-,NG,B,C-,B-,B+,B-,B+,A,C-,C+,C+
1029,67211,Wichita,KS,B+,C+,C,C+,A,B-,A,C+,B+,A-,B,B,A
1030,98310,Bremerton,WA,B,C+,B-,C,A,B-,NG,B-,C+,C+,A,A,A
1031,04539,Bristol,ME,C+,B+,B,B-,C+,B-,C+,C,C,B-,B,B,B-
1032,94118,San Francisco,CA,A+,A-,C-,C-,A,A-,A,B+,A+,C-,A+,A+,A
1036,05772,Stockbridge,VT,C+,NG,B+,B-,C,B,C+,C,C-,C+,B,B,C+
1037,73857,Sharon,OK,C+,C,B,A,C,C-,B-,A,B-,A,C,D,B
1038,96783,Pepeekeo,HI,C,C-,NG,C-,C-,C+,NG,C+,D+,B-,B-,B,B+
1039,77056,Houston,TX,A,B,C-,C-,A,B+,A,A-,B+,C,A,A-,B+
1040,64632,Cainsville,MO,C,C+,NG,B,C,C,C,B,B+,A,C,C-,C+
1041,29841,North Augusta,SC,A-,B-,C+,B,A-,B,A,B-,A-,A-,A-,C+,A-
1042,38541,Allons,TN,C-,C+,A-,B-,C-,C+,C,B-,B,A,C,C+,C-
1044,28616,Crossnore,NC,B-,B,A,C+,B-,B+,B-,B,C+,B,B-,B-,B-
1045,51346,Hartley,IA,B+,B,A,A-,B+,B+,B-,A-,C+,A,B+,B-,B
1046,33426,Boynton Beach,FL,A-,C+,C,B-,A,C+,A,B-,A,B-,A,B,A-
1047,15544,Gray,PA,D+,C+,A-,B,C-,C,D-,C,D+,A-,C,C+,D-
1048,33647,Tampa,FL,A,B,C,B-,B,A,A+,A-,A,B-,A-,A-,A-
1050,45404,Dayton,OH,C+,C,C,C,A-,C+,B,C-,B-,A-,B+,B+,B+
1051,83849,Osburn,ID,C,C,B,C-,C+,C,C+,C-,B,B,B-,A-,C+
1052,48207,Detroit,MI,B-,D+,C-,C-,A,C+,B-,C-,C+,B+,B,A-,A
1054,42544,Nancy,KY,C+,B+,B-,B,B-,B-,C,B,B+,A-,C+,C+,C-
1055,46926,Denver,IN,C+,C,B+,A-,C+,B-,B-,B+,B,A,C,C+,C+
1056,48842,Holt,MI,A-,B,C,B,A-,B+,B+,B,C+,B+,B+,A-,A-
1058,14011,Attica,NY,B+,B-,A-,B+,A-,B,A-,B+,C-,B+,B,B,A-
1061,64498,Westboro,MO,B-,B,A-,B+,C,B,C,B-,B,A,C,C+,C+
1062,22312,Alexandria,VA,A,B+,A-,C-,A,A,A+,C+,B,C-,A+,A,A-
1064,04450,Kenduskeag,ME,C,C,B+,B-,C,C,C+,B-,C+,B,C+,B,B
1065,54766,Sheldon,WI,C,C,A-,B-,C,C+,C,B-,C,A-,C,B-,C+
1067,04860,Tenants Harbor,ME,B,C,A,B-,B-,B-,C+,B,B-,C+,B+,B,C+
1069,59226,Froid,MT,C+,B,B-,A-,B-,C,B-,A+,C-,B+,C-,D-,B-
1070,97342,Detroit,OR,C-,C,B-,D-,C+,C-,NG,C,C,C,B-,B,B-
1071,18327,Delaware Water Gap,PA,B-,B+,B,C-,B,B-,B,C-,C+,C,B-,B,B
1073,81210,Almont,CO,C,A-,B,D-,C,B-,NG,C-,D-,C-,A-,C+,B-
1074,10505,Baldwin Place,NY,B+,A,B,D,C+,A-,B,C+,B-,C-,A,A-,C+
1076,56025,Easton,MN,B+,B,A,A-,A-,B+,C,B-,C+,A,B-,B-,B
1077,50461,Osage,IA,B+,A-,A-,A,A-,A-,C,B,B-,A,B-,C+,A-
1078,61843,Fisher,IL,B,B,C+,B+,B,B-,C,A-,A-,A-,B-,C+,B
1080,94066,San Bruno,CA,A,B+,B,C-,A,A-,A+,B-,A+,D+,A+,A+,A
1081,99138,Inchelium,WA,C+,C-,A,C+,C,C+,NG,B,C,B+,B-,B,B+
1082,69121,Arthur,NE,B,B-,NG,A-,C+,B+,C,B,A+,A,C,C+,B-
1083,34956,Indiantown,FL,B+,B+,B,B,B,B+,A,C+,A,B+,B+,B,A-
1084,33815,Lakeland,FL,B,C+,C+,C+,A-,C+,A,C,A,A-,B+,B-,A-
1086,68620,Albion,NE,B,B+,NG,A,B-,B+,C+,A-,NG,A,B-,C-,B+
1087,41522,Elkhorn City,KY,C+,C+,B-,B+,C,C+,C,C+,B,A,C,C+,B
1088,03819,Danville,NH,B-,B+,B+,B-,B-,B,C+,B+,C+,B-,B+,B,C+
1090,26419,Pine Grove,WV,C+,C-,A,A-,B,B-,C,B,C,A,C,C+,C+
1091,68825,Callaway,NE,B+,B+,A,A-,B-,A-,C+,A-,B-,A,C,B,B
1092,58049,Kathryn,ND,C+,B+,B,A+,C-,B-,C,A-,C-,A,C+,D-,C+
1093,72374,Poplar Grove,AR,C-,C,C-,B+,C-,C,A,C,B+,A+,C-,C,C-
1094,98610,Carson,WA,C+,B-,NG,C-,B+,C+,B,B+,C,C+,B-,B,C+
1095,65775,West Plains,MO,B,B,C+,B-,A-,B-,C+,B,B+,A-,B,B-,B+
1096,54229,New Franken,WI,B,A-,B-,B+,B+,B+,C+,B+,C,A-,B-,B+,B
1097,70005,Metairie,LA,A,B,C+,B-,A,B+,B+,B,B,B,B+,B,A
1100,76877,San Saba,TX,B+,A-,A,A,B,B+,A-,B,A-,A-,B-,C-,B
1101,01566,Sturbridge,MA,A-,A,B-,B+,B,A,C+,A-,C+,B-,A-,A-,B
1104,49619,Brethren,MI,C-,C,A,B-,C+,C,C+,C,C-,B+,C+,B-,C-
1105,74867,Sasakwa,OK,C-,B-,C+,B,C,C,NG,A-,A-,A,C-,C,C-
1106,43210,Columbus,OH,A-,C+,C,C,C+,B,C-,B-,B-,B,B+,A-,A
1107,80734,Holyoke,CO,B,B-,A-,B,B-,B-,A-,B+,C,B,B+,C-,A
1108,99733,Circle,AK,D-,C-,NG,C-,C,D-,NG,D-,NG,B-,C+,D-,B-
1109,04853,North Haven,ME,A-,A,A,B,B,A,B-,B+,C,B-,B,A-,B+
1110,56589,Waubun,MN,B-,C+,NG,B,B+,B-,NG,B,C-,A-,C,B-,B
1111,21902,Perry Point,MD,C-,C+,C,NG,C-,D+,A,B-,B,NG,C+,B+,NG
1115,62410,Allendale,IL,B-,B,B,A-,C,B,C+,B,B+,A,C,C+,C+
1116,76566,Purmela,TX,C,B,B-,B,C-,C+,C-,C,A-,B+,C+,C-,C-
1117,45895,Wapakoneta,OH,A-,B+,A-,A-,B+,A-,C+,A-,B-,A,B-,B,A-
1118,75702,Tyler,TX,B+,C,B-,B-,A-,B,A,B-,A,A-,A-,B+,A-
1119,21722,Clear Spring,MD,C+,B+,C,C+,B+,B-,C+,B-,B,B,C+,A-,B
1120,95251,Vallecito,CA,C,A-,B,C,C-,C+,C+,C-,A+,C+,A-,B+,C-
1121,24093,Glen Lyn,VA,C-,B-,B+,B-,C-,C-,C-,B,A-,A-,C,B-,B-
1123,12779,South Fallsburg,NY,C-,C,B-,D-,C,C-,A,D-,C,C-,B,B,B+
1124,63744,Delta,MO,C,C-,C+,C+,C,C-,C-,C+,B,A,C,C+,C-
1125,13648,Harrisville,NY,C+,C-,A+,B-,B-,B-,C+,B-,C-,B+,B-,B,B
1126,62339,Golden,IL,C+,C+,B-,B,C-,C,C+,B+,A-,A,C+,C-,B
1127,12768,Parksville,NY,C-,C,B-,C-,C+,C-,B,C-,C,B-,B-,B,C-
1129,62245,Germantown,IL,B+,A,A-,A,A-,A,C,A-,B,A-,C,B+,C+
1130,65338,Lincoln,MO,C+,B,A-,B-,B-,C+,C,C+,B,A-,C+,C+,C+
1131,54230,Reedsville,WI,B,B+,B,B,B+,B-,C+,B,C,A-,B,B-,A-
1133,63127,Saint Louis,MO,A,A+,C+,B,A-,A,B-,A-,B,C+,A,A-,B
1136,75672,Marshall,TX,B,C,C,B,B+,C+,A-,B+,B+,A-,C+,C+,B
1138,85349,San Luis,AZ,C,C-,B,C,B,C,C,C-,A,B-,A-,C+,A-
1140,74731,Cartwright,OK,B-,B,B,B+,A-,B-,B+,B-,B+,A,C,C+,C+
1142,58265,Neche,ND,B-,B+,A,A,C,B-,C+,B+,C-,A,C,D+,B
1144,50311,Des Moines,IA,A,B+,C+,B,A,A-,A-,B+,B-,B+,A,B-,A
1146,73491,Velma,OK,B-,B,B-,A,B-,B-,NG,A-,A,A,C,D+,C+
1147,56096,Waterville,MN,B,B,A-,B,B+,B,C+,B+,C+,B+,B+,B-,B+
1148,67623,Alton,KS,B,B,A+,A-,B-,B-,C+,B+,C+,A,C,C,C+
1149,43359,Wharton,OH,C+,B-,B,B+,C,B,C,A-,C+,A,C,B+,B-
1150,15860,Sigel,PA,C+,B-,A-,A-,C+,B-,C,B+,C-,A-,C,C+,C+
1152,80310,Boulder,CO,A,A+,B,C,C+,B,C-,B,C+,C-,A,A,A+
1155,98250,Friday Harbor,WA,A,A-,NG,C,B,A-,B-,B,A+,C-,A+,A-,A
1159,66043,Lansing,KS,A-,B+,C+,A-,B,A,B+,A-,B,B+,B,B+,C+
1161,18230,Junedale,PA,C-,B-,B,C+,C+,C,C,C-,B-,B-,C,B+,C-
1162,50126,Iowa Falls,IA,B+,B,A-,A-,A-,B,B-,B+,B,A,B,C,A-
1164,25958,Charmco,WV,C,C+,A,C+,B-,B-,C-,C,NG,A,C,B,C+
1165,17978,Spring Glen,PA,C-,C+,B,C+,C-,C,C,B-,B,B+,C,B-,C+
1166,44680,Strasburg,OH,B,B-,A-,B+,A-,B,C+,B,C+,A-,C,B+,B
1167,54952,Menasha,WI,A-,B+,A,B+,A,A-,B-,A-,C,A-,A-,B-,A-
1168,22211,Fort Myer,VA,B,A+,NG,C-,C+,A-,B-,D,B,C,B+,A,A-
1169,44699,Tippecanoe,OH,C,C,B,B,C-,C+,C,A-,B+,A-,C+,B-,C-
1170,06851,Norwalk,CT,B+,B-,B-,C-,B,B+,A,B-,C+,C-,A+,A,A-
1171,22931,Covesville,VA,A-,A-,NG,A-,C,A,B,A,A-,B-,B,B,B-
1172,83427,Iona,ID,C,C,B-,B-,C,B-,C+,B,C-,B-,B-,B-,C+
1173,21028,Churchville,MD,B+,A-,B-,B,C,A-,B,B+,B+,B-,B,A-,B
1175,77375,Tomball,TX,A,A,C-,B+,A,A,A,A-,B+,B,A,B+,B
1176,56670,Redby,MN,C-,D+,C,D+,C,C-,NG,C,C+,A-,C+,B,B+
1177,95488,Westport,CA,B-,B,C,C-,C,C+,C+,C+,A+,C,B,B+,C-
1178,62974,Pittsburg,IL,C-,C+,B,C+,C-,C,C,C+,B-,A-,C+,C+,C+
1179,47577,Saint Meinrad,IN,B-,A-,NG,A,C-,B,C,B-,B,A,C+,B-,C+
1181,76856,Mason,TX,B+,A,NG,B+,B-,B+,A-,A-,A-,B+,C+,C-,B+
1182,49233,Cement City,MI,B-,B-,A-,B+,A-,B,C+,B-,C+,B+,C+,B+,C-
1183,48432,Filion,MI,B-,B-,A-,B+,C,B-,C,B,B-,A-,C+,B-,B+
1184,73701,Enid,OK,B,B-,B-,B+,A-,C+,NG,B,A-,A,B,D,A-
1186,35033,Bremen,AL,C+,B,B,B+,C+,B-,C,B,B-,A-,C,C+,C-
1188,97534,O Brien,OR,D+,C-,C+,D-,B,D-,B,C,B-,C-,B-,B,C-
1189,58545,Hazen,ND,A-,C+,A,A+,A-,B+,C+,A+,B+,A,B,C-,A-
1190,14411,Albion,NY,B,B-,B,B-,A-,B,B+,C+,C,B,A-,A-,B
1191,46064,Pendleton,IN,B+,B+,C+,A,B,B+,B,B+,B-,A-,B+,C,C+
1192,42123,Austin,KY,C,B-,B,B,C-,B-,C+,B+,B-,A,C,C+,C+
1193,99727,Buckland,AK,D+,D-,D+,C+,C+,D,NG,C+,NG,A-,C,D,B-
1195,46917,Camden,IN,B-,B,B+,B+,B-,B+,C,B,B-,A,C,C+,C+
1196,37087,Lebanon,TN,B+,B+,B-,B-,A-,B,B+,B+,B-,B,B,C+,A-
1199,39174,Tougaloo,MS,B,A-,B,A-,B,C,D-,A+,B+,A,C+,B-,B-
1200,61442,Keithsburg,IL,B-,C+,A+,B+,A-,B-,C+,C+,B+,A,C,C-,C+
1201,26224,Helvetia,WV,C,C-,NG,A-,B-,C+,C-,C,C-,A+,C,B-,D-
1202,71439,Hornbeck,LA,C,B,C-,B+,C,C,C+,B+,B+,A,C-,C-,C+
1204,23359,Hallwood,VA,C,C+,B-,C,C-,C+,A,C-,A,B+,C,B-,C+
1205,13090,Liverpool,NY,A-,B,C,B,A-,A-,B,B+,C-,B-,A-,A-,A-
1207,46774,New Haven,IN,B,B-,C,B+,A-,C+,B-,B,B,A,B+,C-,A-
1208,31055,Mc Rae Helena,GA,B-,C,A,B-,B-,B-,A,B,A,A-,C+,C,B
1209,68949,Holdrege,NE,B,B,B+,B+,B,B,B-,A,B-,A-,B,C-,B
1210,81212,Canon City,CO,B-,C,B,C+,A-,C,B+,C+,C-,B-,A,C+,A
1211,97479,Sutherlin,OR,C+,C+,B-,C-,B+,C,B-,C,A+,C+,B+,B-,B
1212,67340,Dearing,KS,C,C+,C+,B,C-,C,C+,B-,B,A,C,C-,C-
1213,36856,Fort Mitchell,AL,B-,C,C-,B-,B,C+,A,B-,A,B,C+,C+,B-
1214,79233,Estelline,TX,C,B-,B+,A-,C-,C+,C+,A-,B,A+,C,D,C-
1216,22938,Faber,VA,B,B,NG,B,C,B+,A-,B,A-,B,B-,B,C+
1219,55812,Duluth,MN,A,A-,B-,B-,A,A,B-,B+,C-,B,A-,A-,A
1220,29081,Ehrhardt,SC,C+,C+,C-,B,C+,C+,A-,C,A-,A-,C-,C+,C+
1221,43504,Berkey,OH,C+,B+,C-,B,C-,B,C+,B-,C+,B+,C,B+,B-
1222,67009,Attica,KS,B,B-,A-,A-,B-,B,B,A,B,A,C-,D+,B
1224,64647,Jameson,MO,C,B-,A,A-,C-,C+,C,C+,B,A,C,D+,C-
1225,02812,Carolina,RI,B,B,A-,C+,C-,A-,C+,B-,B-,C+,B-,B,C+
1226,26818,Fisher,WV,C-,C+,A-,B-,C-,B-,C,C-,B,B,C-,B-,C-
1228,62664,Mason City,IL,B-,C+,A-,B,A-,C+,C+,B-,B,A-,C,C-,B
1229,25035,Cabin Creek,WV,C-,C-,C-,B,C,C-,C+,C,B+,A,C,B,C+
1231,80497,Silverthorne,CO,B,B+,B-,C+,B,B,B,B,C,C-,A,A-,C-
1232,49028,Bronson,MI,B,B-,B,B+,A-,B,B-,B,B,A,C+,B+,A-
1233,91024,Sierra Madre,CA,A,B+,C,C-,A-,B+,A-,B,A,C-,A+,A,A-
1234,14802,Alfred,NY,A,B+,A+,C,A,A-,B-,B-,C-,C,B-,B-,B+
1235,22641,Strasburg,VA,D,B-,A-,D,C-,D+,C-,D,B,C+,B-,B,C-
1236,54545,Manitowish Waters,WI,B,A-,A-,C,B+,B,C,C+,C-,B,B-,B-,B
1237,43162,West Jefferson,OH,B,B,B+,B,B+,B+,C+,A-,B-,A-,B-,B+,B-
1238,03290,Nottingham,NH,B,B+,B+,B,B-,B+,C,B+,C+,C+,B,B,B
1239,24945,Greenville,WV,C-,C+,NG,B,C-,C+,C-,D+,NG,A,C,B,C-
1240,28075,Harrisburg,NC,A,A,B-,A-,A-,A,B+,B+,B+,B,B+,B+,C
1242,70665,Sulphur,LA,B,B,C,A-,B+,B,B-,A-,A,A-,C,B-,C+
1243,03450,Harrisville,NH,B,NG,B+,B,C-,B+,C+,B,C,C+,B-,B,C+
1245,55043,Lakeland,MN,A,A,B+,A-,A-,A,C+,A-,C,B+,B+,A-,A-
1246,56325,Elrosa,MN,B-,B+,B-,B+,A,B-,C+,B,C,A-,B-,B-,C+
1247,43782,Shawnee,OH,C-,C+,B,B-,B-,C+,C-,C-,C+,A,C-,B-,C+
1248,56738,Newfolden,MN,B-,B,NG,A,B-,B,C,A-,C-,A,C+,C,C+
1249,05674,Warren,VT,A-,A-,B+,B,B+,A-,C+,A-,D+,B-,B+,B,C+
1250,51447,Kirkman,IA,C,B-,NG,A,C-,C,C,B,B-,A,C,C-,C-
1251,68777,Spencer,NE,B,B-,NG,A,C+,B+,C+,A-,C,A+,C,C+,B+
1254,42326,Browder,KY,C-,C+,A-,B,C-,C+,C+,D-,B,A-,C-,C+,C-
1256,48313,Sterling Heights,MI,A-,B+,B-,B+,A-,A-,B-,B+,C+,B+,B,A-,B+
1257,12083,Greenville,NY,B,B-,A+,B,B+,B+,C+,B,C+,B,B,B,B
1258,12916,Brushton,NY,C+,C,A-,B+,C,B-,C+,B-,C,A-,C+,B,C+
1259,37059,Dowelltown,TN,C+,B-,C+,A,C-,B-,B-,C+,B-,A,C-,C+,C+
1260,48074,Smiths Creek,MI,B-,C,B-,B,B+,B-,B-,B-,B-,A-,A-,C+,B-
1261,75481,Sulphur Bluff,TX,C+,C+,B-,B-,C+,C,C+,A-,B+,A,C+,B-,C-
1262,48634,Linwood,MI,B-,B-,B-,B+,A-,C+,C+,B,B,A,C+,C+,C+
1263,02833,Hopkinton,RI,C+,B,A-,C+,C-,B-,C+,B-,B-,B,B-,B+,C-
1264,60130,Forest Park,IL,A-,C,C-,C-,A,B,A+,B-,B-,B-,B+,A-,A
1265,56181,Welcome,MN,B-,B,B+,B+,B-,B,B-,B,C+,A,C,B-,C+
1266,76660,Malone,TX,B,B+,B,A-,B,B,B+,B,A-,A,B,C+,C+
1267,43529,Hoytville,OH,C+,B-,A-,B+,C+,B,B+,B-,B-,A,C+,B-,C-
1268,37878,Tallassee,TN,C,B-,B-,B+,C+,C+,NG,C+,B,A,C,B-,C-
1270,64638,Dawn,MO,C+,B,B,A-,C-,B-,C,C+,B,A,C+,D,C-
1271,67743,Levant,KS,C+,C+,A-,A,C,B-,D+,C,C,A+,C+,D+,C+
1272,24090,Fincastle,VA,B+,A-,NG,B+,C,A-,B-,B+,B+,B,B,B-,B-
1275,97531,Kerby,OR,D,C-,C+,D-,C,D+,B-,D-,B-,C-,B-,B-,C-
1276,68835,Elba,NE,B-,C+,NG,A+,C,B-,C,A,NG,A,C,C,C+
1277,05036,Brookfield,VT,B-,C+,A+,C+,B-,B-,C,B,C-,C+,B,B,B
1278,50650,Lamont,IA,B-,B,A+,B+,C-,B,C,B+,B-,A,C,C-,B
1280,38916,Calhoun City,MS,B-,C+,NG,B,B-,B,A-,C,B+,A,C+,B-,B
1281,83705,Boise,ID,A-,B,B,B-,A,B+,B+,B-,B-,B-,A,A-,A
1282,62413,Annapolis,IL,C,C,A-,B+,C-,B-,C,C+,A-,A+,C,C+,C-
1283,30354,Atlanta,GA,B,C-,C-,C-,A,C+,B+,C,B+,B+,A,A-,B
1284,47611,Chrisney,IN,B-,A-,NG,A+,C-,A-,C,B,B,A+,C+,B-,C-
1285,68437,Shubert,NE,B-,C+,A,A-,B,B,C+,B+,NG,A,C-,C+,C-
1286,58275,Reynolds,ND,B,B,B-,A,C,B,C+,A-,C-,A,C+,C,B
1287,33308,Fort Lauderdale,FL,A-,B-,C+,C-,A-,B-,B+,B,A,C,A,A-,A
1288,85705,Tucson,AZ,B+,B,C,C,A,B-,A-,C-,A,B,A+,A-,A
1289,53110,Cudahy,WI,B,B-,C-,C,A-,B-,B+,C+,C+,B,B+,A,A-
1290,43972,Bannock,OH,C-,B,B+,C+,C,D,D,D,C+,A,C-,C,B-
1291,63565,Unionville,MO,B-,C+,A,B+,B-,B,C,B,B+,A,C,D+,B
1292,95988,Willows,CA,B-,C-,C+,C-,B+,C,A,C+,B+,B-,B+,B,A-
1293,15350,Muse,PA,C,A-,B,C+,C-,B-,B-,C+,C,A-,C+,B-,C+
1294,77016,Houston,TX,B-,B,C-,B-,C,B-,B+,B-,B+,A-,B,A-,B
1295,45888,Uniopolis,OH,C+,A-,A-,A-,C-,B,C,A,B-,A,C,C+,C-
1297,94931,Cotati,CA,B+,B,B-,D+,A,B,A-,C+,A,C-,A,A,A-
1298,95955,Maxwell,CA,B-,C+,B+,B,B-,B-,A,C+,A-,B-,B,B,C+
1299,16852,Madisonburg,PA,B-,B,A,B-,C-,B,C+,B+,B,B+,B,B,B-
1300,25827,Crab Orchard,WV,C,C,C-,B-,B,C,C,B-,B+,A-,B-,B-,C-
1302,17225,Greencastle,PA,B,B-,B-,B-,A-,B,B-,B+,B-,B,B,B+,B
1303,31826,Shiloh,GA,B-,B,B,B+,C,B,A,B+,B+,A-,B-,B-,C+
1304,14127,Orchard Park,NY,A,A,C,A-,A-,A,C+,A-,C-,B-,A,A-,B+
1305,04108,Peaks Island,ME,A-,B+,B,C,B-,A,C+,B-,C+,C,B,A,A
1307,19541,Mohrsville,PA,C+,B+,B-,B,C,B-,C,B,B-,B-,C+,B-,B-
1310,37178,Tennessee Ridge,TN,B-,B,NG,B+,B-,B-,C,B,B-,A-,C-,C+,B
1311,62976,Pulaski,IL,C+,C-,NG,A-,C-,C,A-,C-,B,A,C+,C+,C+
1312,76950,Sonora,TX,B+,B+,A,A-,B-,B+,A,A-,A-,A,B-,D,C+
1313,28036,Davidson,NC,A+,A,C,A-,B+,A,B+,A,B+,B,A,B-,A-
1315,16820,Aaronsburg,PA,C+,B+,A,B-,C-,B,C,B-,B,B,B,B,C+
1317,73859,Vici,OK,B+,A-,A,A-,B-,B+,B,A,B-,A,C-,D,B
1318,03082,Lyndeborough,NH,C,C-,B-,C,C-,C+,C+,B+,C,C+,B-,B,C-
1319,90743,Surfside,CA,A,A+,B-,C,B,A-,A-,B+,A,C-,B+,A,C+
1320,85347,Roll,AZ,C,C-,B,B,C-,C-,B+,B,A,B+,C+,C-,B-
1322,62278,Red Bud,IL,B+,B-,A,B+,A-,A-,C+,A-,B,A-,B,B+,C+
1323,02056,Norfolk,MA,A,A-,B+,B,B-,A,B-,A-,C+,C+,A,A,B+
1324,32565,Jay,FL,B-,B+,B-,A-,B-,B-,B-,B+,B-,A-,B+,B-,C-
1325,52317,North Liberty,IA,A+,A,B,A,A,A+,B,A,B,B+,A-,C+,A-
1326,99742,Gambell,AK,C-,C,B,B+,C,C-,NG,C+,NG,A-,C+,D-,B-
1327,35058,Cullman,AL,B-,B,B,B,B-,B-,B-,B,B-,A-,B,C+,C-
1328,57442,Gettysburg,SD,B,C,A,A-,B-,B-,B,A-,NG,A,C,D,C+
1329,15922,Belsano,PA,C-,C,B-,B,C,C,C-,D,D+,A-,C+,C+,C+
1330,41527,Forest Hills,KY,C+,C+,B-,B+,C,B-,C,B-,A-,A-,C-,C+,C-
1331,70560,New Iberia,LA,A-,B,NG,A-,A-,B+,A,B-,A-,A,B-,C+,A-
1333,53540,Gotham,WI,C+,B-,A+,B,C-,B+,C+,C,C+,A,B-,B-,C-
1334,36550,Little River,AL,C,C+,B,B-,B-,D+,C+,C+,B,A,B-,C+,D-
1335,12455,Margaretville,NY,C,C-,B+,C-,A-,C-,B-,C-,C-,B-,B,B-,C+
1336,98223,Arlington,WA,B-,B,B-,C+,A-,B-,B-,B-,B-,C,A-,B+,A-
1337,94102,San Francisco,CA,A,A-,C-,C,A+,B,A+,B-,A+,C-,A+,A+,A+
1338,11433,Jamaica,NY,B-,B,NG,D-,A-,B,A,C-,B,C-,A-,A,B+
1339,43466,Wayne,OH,B,B+,A-,B+,B+,B,B-,B+,B-,A-,C+,B-,B
1340,06757,Kent,CT,B+,A,B+,D+,A-,B+,B,C-,C+,C-,B+,A-,A
1341,92861,Villa Park,CA,A-,A-,B-,C-,B-,A-,B+,B-,A,D+,A,A,A-
1343,17253,Saltillo,PA,C,D+,A,B+,C-,C+,C,B+,B,A-,C+,B-,C+
1344,64507,Saint Joseph,MO,B,B-,C,B+,A-,B,B,B-,B,A-,B,C+,B
1345,19001,Abington,PA,A,A,B,B,A,A+,A-,B,B-,C+,A,A,A-
1347,49101,Baroda,MI,B,A-,C+,A-,A-,B+,B-,B-,C,A-,C,B+,B
1349,12032,Caroga Lake,NY,B-,C-,A+,B-,C+,B-,C+,B+,C-,B,B,B,C+
1352,62897,Whittington,IL,C+,B-,B-,B,C+,B-,C,C,B,A,C,B-,C+
1354,47551,Leopold,IN,B+,B+,A+,A,B,A-,C,A,B,A,C+,B-,C+
1355,80118,Larkspur,CO,A-,B+,B+,C+,B+,B+,B-,A,B-,C-,A,A-,B-
1357,87105,Albuquerque,NM,B-,C+,C-,C+,B,C,B+,C,B+,B-,A-,B-,A-
1358,17749,Mc Ewensville,PA,C,B,B,A-,C,B-,C,B+,B-,B+,C,B-,C-
1359,86404,Lake Havasu City,AZ,C+,B-,B-,C,B+,C,B,C,C,C+,B,C+,A-
1360,64401,Agency,MO,C+,B+,C,A-,C,B-,C+,B-,B,A,C,B-,C-
1361,97381,Silverton,OR,B,B,B-,B-,A-,B-,B-,B-,B-,C+,A-,B,B
1362,55003,Bayport,MN,A,A,B+,A-,A,A-,A-,B,C+,B+,B,A-,A
1364,61930,Hindsboro,IL,B-,C+,A,B,B-,B-,C+,B+,B+,A,C+,C+,C+
1365,94963,San Geronimo,CA,A-,A+,B,C+,C+,A,C-,B,A+,C-,A-,A+,C-
1366,46710,Avilla,IN,B,B,B+,B+,B+,B,C+,B+,B,A,B-,B-,B
1368,99614,Kipnuk,AK,D-,C-,C-,C+,C,D-,NG,D+,NG,A-,C,D-,B-
1370,71366,Saint Joseph,LA,C+,C-,NG,B-,B-,C,B+,C,NG,A,C,C-,C+
1371,37846,Philadelphia,TN,C+,B-,B,B-,C,B-,B,B-,B-,A-,C+,B-,B
1372,12139,Piseco,NY,C,C,A+,B+,C+,C+,C,B+,D+,B,B-,B,C-
1373,18246,Rock Glen,PA,C-,B-,B-,C+,C,C-,C+,B,B-,A-,C,B-,C-
1375,49445,Muskegon,MI,B+,C+,C,B+,A-,B+,B-,B,C-,A-,B+,A-,B+
1376,46321,Munster,IN,A,A+,C,A-,A-,A+,A-,B,B-,B+,B+,A-,B
1377,82055,Centennial,WY,B-,B,A-,A,C+,B,NG,B,D,B,B,C,C-
1378,99780,Tok,AK,C+,B,NG,A-,B,C,NG,C+,NG,B,B-,D-,B
1380,64747,Garden City,MO,B-,B-,B-,B,A-,C+,C+,B+,B,A-,B-,C+,C+
1381,16622,Calvin,PA,C-,D+,A,B-,C-,C,C,C-,B,B+,C+,B-,C-
1382,73759,Medford,OK,B,B,A,A,B-,B+,B-,A+,B+,A,C-,D,C+
1384,77977,Placedo,TX,C-,C,C+,B,C,C,B+,B+,A-,A-,C,C-,C-
1385,80104,Castle Rock,CO,A,B+,B+,B,A-,A-,B,A,B-,C+,A+,B,A-
1387,85306,Glendale,AZ,A-,B+,C+,B,A-,B,A-,B,A,B-,A+,B+,A
1389,54001,Amery,WI,B+,A-,A-,B+,A-,A-,C+,B,C,B+,B+,A-,A-
1390,20851,Rockville,MD,A+,A+,B-,B-,A,A+,A+,B-,B,C+,A,A,A
1391,72933,Charleston,AR,B,B,B+,A-,B-,B,B-,A,B,A,C-,C+,B
1392,82329,Medicine Bow,WY,C,B,B,A-,C+,C,B-,B,D+,A-,C+,C-,C-
1394,30471,Twin City,GA,B-,C+,C,B-,B,C+,A-,C+,A,A,C+,C+,B
1395,12187,Warnerville,NY,B-,B-,A+,B-,C,B-,C+,C+,C+,C+,C+,B-,B-
1397,07027,Garwood,NJ,B,B,C+,C-,A,B,B+,C,B-,C-,A-,A,B+
1399,53205,Milwaukee,WI,C,D,C-,D,B,C-,B-,D+,C+,B+,B+,A-,A
1400,28729,Etowah,NC,B-,A,B-,C+,B-,B+,C,C+,B,B,B+,A-,C-
1404,50249,Stratford,IA,C+,B,B,A-,C+,B-,C,C+,B-,A,C+,C-,C+
1405,02366,South Carver,MA,C-,B-,B-,NG,C+,D+,A+,NG,B-,NG,C+,B,NG
1409,16040,Hilliards,PA,C,B-,A-,B-,C-,C+,C+,B,C,B+,B-,B-,C+
1410,16939,Morris Run,PA,C,C+,A-,B-,C+,C+,C,B-,B,B,C+,B,C+
1411,92268,Pioneertown,CA,C-,C,C,C-,B,D-,C+,C-,C+,C,B,B,C-
1414,15024,Cheswick,PA,A-,A+,C+,A-,A-,A-,B-,B+,C,B,B+,B+,B
1416,23316,Cheriton,VA,D+,C,B,D-,C-,C-,B+,D-,B+,C+,C,B-,B+
1417,31631,Fargo,GA,C+,C+,NG,B,C,C+,B,A+,A-,A,C+,C+,C+
1418,19962,Magnolia,DE,B+,A-,C+,B+,B,B+,A,B,B,B+,B-,B-,B
1419,29047,Elloree,SC,B-,C+,B-,B-,C+,C+,A-,B,A-,A-,B-,B-,C+
1421,74736,Garvin,OK,B-,B-,C+,A-,B-,B-,NG,A,B+,A,C-,C,C-
1422,14514,North Chili,NY,B+,A-,C,B,B-,A-,B,B+,C-,B-,A-,A-,C+
1423,95916,Berry Creek,CA,C,B-,C+,C-,B-,C-,B-,C,A,C+,B,B,C+
1425,55606,Hovland,MN,B-,C+,NG,C+,B-,C+,B-,C+,NG,B-,B-,B+,C-
1426,63140,Saint Louis,MO,C-,C-,C+,D-,B+,D+,C-,D-,B,B,B-,B+,B+
1427,14778,Saint Bonaventure,NY,C,B,B,NG,C+,C-,C-,B-,D+,NG,C+,B+,B+
1429,05476,Richford,VT,C,C-,B,C,B-,C,C,C+,C-,B-,B-,B,B
1430,97004,Beavercreek,OR,B-,B-,B,C,B-,C+,C+,B,B-,C,B,B+,A-
1431,38317,Bruceton,TN,C+,B-,B,B+,B-,B-,B,C+,B-,A,C-,C,C+
1432,18708,Shavertown,PA,A-,B+,B-,A-,B-,A-,C+,A-,B-,B,B,B+,B
1433,44086,Thompson,OH,C+,B-,A,B,B-,B-,C+,B-,D+,B,C+,B-,C+
1436,78589,San Juan,TX,C+,B-,B-,B-,B,B-,C,B,B+,B+,B-,C,B
1439,13659,Lorraine,NY,C,B-,B-,B,B,C+,C,B-,D+,B+,C+,B,C+
1440,12980,Saint Regis Falls,NY,C+,B-,A-,C+,B-,B-,C,C+,C,B+,B-,B,B
1441,90602,Whittier,CA,B-,C-,C,D-,A,C,B+,C,A,C-,A,A,A
1442,59846,Huson,MT,B-,B,C+,B-,C+,C+,B,B+,C-,C,B,B-,C+
1444,84078,Vernal,UT,B,C,B+,B,A-,B-,B-,A-,C-,B-,A,C+,A-
1445,61729,Congerville,IL,B,B,A-,A-,C,B+,C+,A,B-,A-,C+,B,B
1446,38661,Red Banks,MS,C,B-,C-,B,B-,C,A-,B-,A,A-,C-,C+,C-
1447,76933,Bronte,TX,B,B+,NG,A-,B-,B,B+,B+,A-,A,C+,D+,C+
1448,77560,Hankamer,TX,C+,B+,B,B+,C-,C,A,B-,B,A-,C+,B-,C-
1449,17968,Sacramento,PA,C+,C+,B,B-,C+,C,C,B,B,A-,C,B-,B+
1450,60472,Robbins,IL,C+,B,C-,C,B,B-,C,C-,B-,B+,B-,A-,A
1451,56684,Trail,MN,B-,B,B+,B+,B,B,B-,B+,C-,A,C+,B-,C+
1456,68304,Alvo,NE,B-,B,A,B,C,B+,C,A-,A-,B+,C,B,C+
1458,38838,Dennis,MS,B-,B+,B,A,C-,B,C-,B,A,A,C-,C+,C-
1459,46205,Indianapolis,IN,B+,C,C-,C+,A,B-,A,C,B-,B+,B+,B+,A
1460,71435,Grayson,LA,C+,B,NG,A-,C,B-,B+,B-,NG,A,C-,C,C-
1461,35586,Sulligent,AL,B,B,B,A-,B-,B,B,B,B,A,C+,C+,B
1464,14512,Naples,NY,B,B,B,B,B-,B,C+,B+,C,B,A-,B,B
1465,70733,French Settlement,LA,C,B+,C+,A-,C,B-,C+,A-,B,A,C-,C+,C-
1466,75157,Rosser,TX,C,B,B-,B,C-,C+,NG,A-,A-,A,C,B-,C-
1467,12786,White Lake,NY,C+,C+,B-,D+,B+,C+,B+,C,C,C+,B,A,C-
1468,72544,Henderson,AR,C-,B-,A,C,C-,C-,C-,B-,B+,B+,C+,C+,C-
1469,89148,Las Vegas,NV,A-,B-,C-,C+,A,B-,A+,B,A-,C,A,B+,B+
1470,84057,Orem,UT,A,B+,A-,B-,A,A,A-,B+,C+,B-,A+,A,A
1471,47529,Elnora,IN,B-,B-,B,B+,B-,B-,C,A-,B,A,C,B-,C+
1472,07675,Westwood,NJ,A,A+,A-,C,A-,A+,B+,B,B-,C-,A,A,A-
1473,48837,Grand Ledge,MI,A-,B,B+,B+,A-,A-,B-,B+,C,A-,B+,B+,A-
1474,14873,Prattsburgh,NY,B-,C+,B+,B+,B-,B-,C+,B,C,B+,B-,B,A-
1475,22003,Annandale,VA,A+,A,A-,C+,B,A+,A+,B-,B,C,A+,A,A-
1476,56523,Climax,MN,B,B-,B+,A-,B-,B,B-,A-,C-,A,C+,C,C+
1477,55441,Minneapolis,MN,A+,A+,C+,B+,A,A+,B+,A-,C+,B,A+,A,A-
1478,40220,Louisville,KY,A,B-,C-,B,A,B+,A-,A-,B,B+,A-,B+,A-
1479,73107,Oklahoma City,OK,A-,B-,C,B,A,B,A,B+,A-,A-,A-,C+,A
1480,13350,Herkimer,NY,B,C+,B,B-,A-,B-,C+,B,C-,B,B+,B-,B+
1481,78412,Corpus Christi,TX,A-,B,C,B-,A,B,A,B+,A-,B+,B,B-,A-
1482,75931,Brookeland,TX,B-,B+,B-,B+,B+,C+,C+,B,A-,A-,C+,C+,C-
1483,69141,Gurley,NE,B-,C+,B+,B+,B+,C,B+,A,NG,A,C+,C-,C+
1484,79018,Channing,TX,B-,B-,NG,B-,B-,C,B+,A,B+,A-,C+,D,B-
1485,25534,Kiahsville,WV,D-,D+,B+,D-,C-,D-,D,D+,NG,B+,C-,C+,D-
1486,60104,Bellwood,IL,B-,C-,C-,C-,A-,C+,A-,C,C+,B-,B+,A-,A
1489,76870,Priddy,TX,B,B+,NG,A-,C-,B,B+,B-,A,A+,B-,C-,C+
1490,32086,Saint Augustine,FL,A-,B+,C,B,A-,B,B,A-,A,B,A,B,B+
1492,57331,Dimock,SD,B,B+,A+,A,B-,B+,C,A,C,A,C,D-,C+
1493,05201,Bennington,VT,B,C,B-,C-,A-,B-,B-,C+,C,C+,A,A,A
1494,14037,Cowlesville,NY,B-,B-,A-,A-,B-,B,C,A-,C-,B+,B-,B,C+
1495,29935,Port Royal,SC,B+,B,C+,C+,B+,B,A,B,A-,B,A,A-,C+
1497,56591,White Earth,MN,B-,C+,A-,A,C+,B,NG,B-,C-,A,C+,C+,B-
1499,31551,Mershon,GA,C+,B+,C,B+,C-,B-,A-,B-,A,A+,C,C+,C+
1500,02911,North Providence,RI,B+,B-,B-,C+,A,B,B+,B-,B-,B-,B+,A,B
1501,96132,Termo,CA,C-,C+,C+,B,C-,C,C+,B,C+,B,B,C+,C-
1502,46406,Gary,IN,C+,D-,C,C-,B,C,A-,C-,B-,A-,B-,B+,A-
1503,74941,Keota,OK,C+,C+,A-,A-,C,B-,NG,B-,B+,A,C-,C+,C+
1504,67638,Gaylord,KS,B,B+,NG,A-,C-,A-,B+,B,C+,A+,C+,C,C+
1505,36444,Franklin,AL,D+,C,C,D+,C-,D+,C+,D+,B+,B+,C,B-,C+
1506,60007,Elk Grove Village,IL,A,A,C-,B-,A-,A,B+,B,C+,B-,A,A,A-
1507,54652,Readstown,WI,B-,B,A-,B,B-,B-,C+,C+,C,A-,C,C-,A-
1509,38623,Darling,MS,D,C,NG,C+,C,C,C-,D-,B+,B+,C-,C+,C-
1510,18248,Sheppton,PA,C,B-,B,B-,C-,C+,B+,C+,B-,B,C,B-,C+
1511,28741,Highlands,NC,B+,B,B,C+,A-,B+,C+,B-,C+,C+,B,A-,B
1512,26032,Bethany,WV,A-,B-,B+,A-,B,B,C+,A,C+,A,C,C+,B+
1513,71328,Deville,LA,C+,B,C-,A-,C,C+,C+,B+,A-,A-,C-,C+,A-
1514,61919,Camargo,IL,B-,B,A,B,B-,B,C,B+,B+,A-,C+,C+,C+
1515,48767,Unionville,MI,B-,B-,B+,B+,B-,B,C+,B-,C+,A,C,B+,C+
1516,94515,Calistoga,CA,B+,B-,B-,C-,A-,B-,A,B,A+,C-,A,B+,A
1517,47431,Freedom,IN,C,C+,NG,B,C,C,C,C,B-,A,C,B-,C+
1518,04221,Canton,ME,C+,C-,B+,B,C,C+,C+,B-,C-,B+,B-,B,B
1519,78938,Ellinger,TX,B+,B,B+,A,B,B+,B+,A,A-,A,C+,C+,C+
1520,04655,Machiasport,ME,B,A,B,A,C+,B,C+,B,C,B+,B-,C+,C+
1521,64439,Dearborn,MO,B+,A-,B+,A,B-,A-,B,A-,B,A,B-,B+,C+
1523,21920,Elk Mills,MD,D-,C+,C,C-,C,D-,D,C+,B,C+,C+,B,C-
1525,98117,Seattle,WA,A+,A-,C+,C+,A,A,B,B,B,C-,A+,A+,A
1526,58530,Center,ND,B+,B,NG,A,B+,B,B-,B+,B+,A,B-,C-,B
1527,55977,Taopi,MN,C-,C,B,B,C-,C,C,C,C+,A-,C+,C-,C+
